,0,1,2,,DATEPRD,BORE_OIL_VOL,BORE_GAS_VOL,BORE_WAT_VOL,,,
0,297.07614,45777.008,9.031536,,1/16/14,351.05,52394.9,10,,351.05,1
1,307.23416,46923.37,8.849115,,1/17/14,485.34,72058.82,10,,485.34,2
2,295.95798,45432.914,8.160223,,1/18/14,513.12,77600.88,10,,513.12,3
3,273.0655,41676.89,10.565722,,1/19/14,497.55,72928.16,10,,497.55,4
4,233.36537,34766.99,7.4579377,,1/20/14,469.59,67199.15,10,,469.59,5
5,259.3909,39883.816,9.078899,,1/21/14,479.09,68123.46,10,,479.09,6
6,245.86539,38077.17,11.827622,,1/22/14,495.13,69287.43,10,,495.13,7
7,254.21506,38932.58,7.8518696,,1/23/14,430.23,60809.77,10,,430.23,8
8,244.97997,37597.977,8.506687,,1/24/14,409.09,58874.59,10,,409.09,9
9,252.17067,38414.094,8.940043,,1/25/14,443.84,65515.4,10,,443.84,10
10,265.36707,39784.746,9.862853,,1/26/14,360.8,51613.55,10,,360.8,11
11,247.51237,37692.812,9.446177,,1/27/14,362.03,49963,10,,362.03,12
12,244.6241,37631.266,9.766861,,1/28/14,377.77,54599.85,10,,377.77,13
13,244.33116,37639.445,8.259957,,2/1/14,356.46,54305.49,10,,356.46,14
14,239.56726,37080.09,4.948749,,2/2/14,338.4,50474.03,10,,338.4,15
15,237.93582,35984.586,6.380184,,2/3/14,336,49831.35,10,,336,16
16,246.16476,36993.395,9.192644,,2/4/14,325.52,48305.93,10,,325.52,17
17,236.5171,35459.22,10.027097,,2/5/14,312.16,46243.99,10,,312.16,18
18,229.52425,35013.277,5.742009,,2/6/14,117.66,18016.4,10,,117.66,19
19,226.13599,34285.758,6.794926,,2/8/14,381.23,55852.04,10,,381.23,20
20,219.62498,33680.645,9.750145,,2/9/14,373.59,56014.72,10,,373.59,21
21,224.69997,34740.08,10.815061,,2/10/14,334.24,53596.15,10,,334.24,22
22,237.16385,36488.164,8.338393,,2/11/14,262.69,42216.21,10,,262.69,23
23,233.97038,36088.715,8.2927885,,2/12/14,334.29,50976.28,10,,334.29,24
24,238.07733,36472.01,7.8451056,,2/13/14,369.51,55984.34,10,,369.51,25
25,239.40645,36381.85,8.797137,,2/14/14,348.32,52646.72,10,,297.07614,1
26,241.85963,36622.35,9.037703,,2/15/14,337.97,50820.51,10,,307.23416,2
27,242.11743,36704.875,9.279853,,2/16/14,308.48,46421.56,10,,295.95798,3
28,230.0951,35434.594,9.278873,,2/17/14,262.46,40059.75,10,,273.0655,4
29,226.11275,34891.27,10.440412,,2/18/14,134.26,21255.34,10,,233.36537,5
30,236.69882,35917.285,10.080595,,2/19/14,301.33,45778.83,10,,259.3909,6
31,238.77817,36285.957,10.690869,,2/20/14,281.26,42584.03,10,,245.86539,7
32,235.64507,35883.684,9.776131,,2/21/14,255.93,38815.66,10,,254.21506,8
33,229.79565,34969.45,8.525215,,2/22/14,252.46,38050.15,10,,244.97997,9
34,229.40459,34852.883,8.386909,,2/23/14,250.86,38162.15,10,,252.17067,10
35,232.78363,35251.54,8.970873,,2/24/14,278.48,42001.67,10,,265.36707,11
36,232.66797,35031.17,9.541459,,2/25/14,268.59,40627.09,10,,247.51237,12
37,190.47368,29146.703,10.813337,,2/26/14,265.37,39984.31,10,,244.6241,13
38,180.6271,27315.674,8.334419,,2/27/14,259.99,39351.01,10,,244.33116,14
39,161.78731,26447.12,11.612246,,2/28/14,251.09,37808.18,10,,239.56726,15
40,129.79167,21534.412,15.968245,,3/1/14,242.16,36588.75,10,,237.93582,16
41,211.73521,34220.445,14.431372,,3/2/14,239.92,36666.03,10,,246.16476,17
42,264.19528,42595.766,14.059953,,3/3/14,236.48,35871.22,10,,236.5171,18
43,239.21921,37647.164,11.902721,,3/4/14,226.36,34427.49,10,,229.52425,19
44,288.4003,44540.965,10.423841,,3/5/14,232.62,35215.12,10,,226.13599,20
45,256.3615,38923.33,11.520223,,3/6/14,230.65,34643.7,10,,219.62498,21
46,246.14505,37771.34,10.479449,,3/7/14,231.96,35344.67,10,,224.69997,22
47,251.25418,38072.31,10.397054,,3/8/14,229.4,34326.13,10,,237.16385,23
48,252.70808,38563.48,12.5558405,,3/9/14,227.01,34067.15,10,,233.97038,24
49,226.2555,33725.504,10.854934,,3/10/14,261.49,39365.9,10,,238.07733,25
50,234.52544,35481.297,8.173658,,3/11/14,264.28,39733.92,10,,239.40645,26
51,230.79434,34788.79,11.902152,,3/12/14,264.46,39652.44,10,,241.85963,27
52,220.17427,33446.42,5.761773,,3/13/14,254.96,38322.87,10,,242.11743,28
53,234.48233,35561.246,4.9743414,,3/14/14,257.13,38847.12,10,,230.0951,29
54,245.55386,37190.816,12.854514,,3/15/14,255.09,38166.96,10,,226.11275,30
55,241.16673,37081.95,11.857427,,3/16/14,248.63,37564.56,10,,236.69882,31
56,249.16376,37751.58,6.6946716,,3/17/14,248.22,37242.06,10,,238.77817,32
57,240.9369,36265.184,10.037513,,3/18/14,244.88,37245.44,10,,235.64507,33
58,238.32846,36162.715,11.328473,,3/19/14,236.67,35432.55,10,,229.79565,34
59,243.021,35865.836,11.757393,,3/20/14,225.45,33988.57,10,,229.40459,35
60,234.65327,35371.848,11.008946,,3/21/14,229.31,34755.53,10,,232.78363,36
61,233.64903,35405.438,12.743945,,3/22/14,192.31,29438.93,10,,232.66797,37
62,243.05551,36616.023,9.734101,,3/23/14,267.64,41713.61,10,,190.47368,38
63,239.8782,36006.77,12.338004,,3/24/14,24.01,4124.61,10,,180.6271,39
64,225.85957,33055.38,12.042225,,3/25/14,178.5,25728.41,10,,161.78731,40
65,232.23006,33449.957,9.72209,,3/26/14,72.79,10987.14,10,,129.79167,41
66,228.04292,33228.316,11.13097,,3/27/14,197.56,30520.08,10,,211.73521,42
67,226.42374,32864.52,10.621495,,3/28/14,295.02,48976.13,10,,264.19528,43
68,219.82729,32140.795,9.323676,,3/29/14,190.24,30647.74,10,,239.21921,44
69,229.26636,33289.62,8.92748,,3/30/14,343.28,51441.7,10,,288.4003,45
70,230.79153,33581.33,9.84184,,3/31/14,232.99,35317.42,10,,256.3615,46
71,235.01273,34234.81,9.769567,,4/1/14,244.15,36892.19,10,,246.14505,47
72,239.53297,35059.83,9.241464,,4/2/14,243.97,36744.73,10,,251.25418,48
73,240.92961,35264.82,9.077492,,4/3/14,244.72,36867.54,10,,252.70808,49
74,235.31776,34519.625,9.994914,,4/4/14,248.08,37786.79,10,,226.2555,50
75,226.53397,33214.086,9.430681,,4/5/14,245.44,37206.99,10,,234.52544,51
76,220.7531,32273.564,10.28174,,4/6/14,183.67,28401.76,10,,230.79434,52
77,220.19267,31995.154,9.518503,,4/7/14,208.02,32571.72,10,,220.17427,53
78,224.12987,32494.13,9.05321,,4/8/14,240.57,36927.47,10,,234.48233,54
79,223.3961,32306.555,8.983408,,4/9/14,249.1,37823.54,10,,245.55386,55
80,223.44936,32404.81,9.307195,,4/10/14,220.07,35836.99,10,,241.16673,56
81,227.01018,33394.562,9.268944,,4/11/14,251.02,38004.79,10,,249.16376,57
82,228.34904,33778.27,9.79789,,4/12/14,249.52,37821.8,10,,240.9369,58
83,227.72739,33417.94,10.232856,,4/13/14,246.85,37571.96,10,,238.32846,59
84,227.32944,33213.47,10.470133,,4/14/14,247.48,37549.3,10,,243.021,60
85,226.75745,32961.168,10.058185,,4/15/14,247.69,37600.71,10,,234.65327,61
86,225.6878,32783.9,10.340484,,4/16/14,247.99,37886.13,10,,233.64903,62
87,222.80656,32450.012,10.650845,,4/17/14,250.07,37850.3,10,,243.05551,63
88,221.194,32321.28,11.196106,,4/18/14,247.18,37625.47,10,,239.8782,64
89,221.01903,32373.99,11.492066,,4/19/14,251.39,38036.72,10,,225.85957,65
90,220.27792,32174.572,11.843325,,4/20/14,251,37997.39,10,,232.23006,66
91,220.80275,32341.926,11.596338,,4/21/14,248.55,38570.59,10,,228.04292,67
92,221.36794,32528.855,10.965688,,4/22/14,237.41,34001.5,10,,226.42374,68
93,219.36725,32354.295,10.944485,,4/23/14,217.96,30965.91,10,,219.82729,69
94,217.81947,32151.613,10.768925,,4/24/14,192.44,27529.29,10,,229.26636,70
95,221.31093,32691.62,10.45552,,4/25/14,247.23,35254.33,10,,230.79153,71
96,218.52312,32220.008,10.365146,,4/26/14,244.07,34930.95,10,,235.01273,72
97,216.31607,31772.777,10.33183,,4/27/14,243.12,35038.48,10,,239.53297,73
98,216.06116,31626.646,10.570854,,4/28/14,245.97,35262.06,10,,240.92961,74
99,216.0422,31540.357,10.383102,,4/29/14,238.06,34402.42,10,,235.31776,75
100,214.4249,31303.812,10.141442,,4/30/14,230.51,33310.51,10,,226.53397,76
101,213.52452,31163.547,9.90962,,5/1/14,229.21,32997.62,10,,220.7531,77
102,213.88332,31081.51,9.911927,,5/2/14,227.49,32803.09,10,,220.19267,78
103,214.25471,31143.66,9.656503,,5/3/14,225.58,31958.27,10,,224.12987,79
104,215.29893,31394.076,9.411728,,5/4/14,224.74,32285.5,10,,223.3961,80
105,215.8406,31553.766,9.925377,,5/5/14,258.38,37407.96,10,,223.44936,81
106,216.27217,31656.715,10.624085,,5/6/14,254.05,36720.52,10,,227.01018,82
107,216.67393,31868.852,11.197198,,5/7/14,252.47,36835.38,10,,228.34904,83
108,217.24129,32054.682,11.200954,,5/8/14,261.88,36555.19,10,,227.72739,84
109,216.80669,31976.238,11.216792,,5/9/14,348.6,47957.98,10,,227.32944,85
110,215.70872,31765.982,11.700183,,5/10/14,253.83,14023.16,10,,226.75745,86
111,216.12782,31791.467,12.311087,,5/11/14,231.51,33101.4,10,,225.6878,87
112,216.81757,31810.86,12.724865,,5/12/14,224.81,32518.33,10,,222.80656,88
113,216.9887,31804.586,12.892004,,5/13/14,223.23,32285.91,10,,221.194,89
114,216.6551,31891.75,12.945165,,5/14/14,225.84,32575.6,10,,221.01903,90
115,215.74905,31829.736,12.951464,,5/15/14,210.63,30227.85,10,,220.27792,91
116,214.42523,31749.215,12.336805,,5/16/14,210.13,29934.72,10,,220.80275,92
117,215.6816,31852.348,11.569898,,5/17/14,232.87,32742.31,10,,221.36794,93
118,215.12637,31741.275,10.807773,,5/18/14,225.92,31773.23,10,,219.36725,94
119,213.85461,31620.225,10.7742,,5/19/14,220.88,30667.56,10,,217.81947,95
120,212.59009,31547.207,10.795878,,5/20/14,222.58,31084.96,10,,221.31093,96
121,211.4586,31434.045,11.116195,,5/21/14,221.78,31307.8,10,,218.52312,97
122,209.7371,31280.535,11.511904,,5/22/14,223.49,32552.5,10,,216.31607,98
123,207.54607,30876.742,11.540553,,5/23/14,224.58,32672.55,10,,216.06116,99
124,206.91705,30614.492,11.934698,,5/24/14,224.8,32637.53,10,,216.0422,100
125,206.8791,30431.383,11.946886,,5/25/14,218.49,30801.41,10,,214.4249,101
126,206.4681,30311.883,12.041745,,5/26/14,195.66,28656.83,10,,213.52452,102
127,206.28296,30301.205,12.437948,,5/27/14,201.53,29799.8,10,,213.88332,103
128,206.01582,30325.953,12.382077,,5/28/14,231.07,33994.41,10,,214.25471,104
129,206.5658,30603.252,12.968979,,5/29/14,234.29,34475.61,10,,215.29893,105
130,207.4539,30782.121,13.207129,,5/30/14,237.1,35015.01,10,,215.8406,106
131,208.96234,30944.32,13.052753,,5/31/14,241.19,35630.03,10,,216.27217,107
132,210.81383,31129.857,12.79418,,6/1/14,243.64,36009.71,10,,216.67393,108
133,210.34964,31100.953,12.274477,,6/2/14,221.03,32812.02,10,,217.24129,109
134,213.15042,31628.373,11.468617,,6/3/14,239.71,35152.56,10,,216.80669,110
135,212.75397,31747.336,11.061548,,6/4/14,237.3,34995,10,,215.70872,111
136,212.85928,31861.418,10.813756,,6/5/14,255.67,37567.22,10,,216.12782,112
137,212.22217,31815.992,11.113777,,6/6/14,256,37024.94,10,,216.81757,113
138,211.17249,31677.506,10.726453,,6/7/14,257.84,37249.92,10,,216.9887,114
139,210.7753,31537.148,11.033768,,6/8/14,256.49,37120.15,10,,216.6551,115
140,210.55003,31580.297,11.270839,,6/9/14,288.87,42300.11,10,,215.74905,116
141,210.829,31482.74,11.171218,,6/10/14,255.7,37642.41,10,,214.42523,117
142,210.17757,31372.82,11.322775,,6/11/14,254.83,37167.34,10,,215.6816,118
143,209.55101,31142.094,11.39596,,6/12/14,253.87,36764.5,10,,215.12637,119
144,209.3653,31130.33,11.658655,,6/13/14,239.97,35255.61,10,,213.85461,120
145,208.67795,31100.207,12.239284,,6/14/14,236.57,34938.16,10,,212.59009,121
146,208.42972,30986.057,12.112441,,6/15/14,236.55,34920.92,10,,211.4586,122
147,207.25926,30822.803,11.955353,,6/16/14,232.51,34120.52,10,,209.7371,123
148,206.5038,30667.203,11.61737,,6/17/14,231.91,34171.74,10,,207.54607,124
149,205.62334,30579.566,11.414447,,6/18/14,229.52,33750.54,10,,206.91705,125
150,204.36243,30485.936,10.958274,,6/19/14,225.7,33393.43,10,,206.8791,126
151,203.22104,30419.754,11.266177,,6/20/14,226.71,33454.1,10,,206.4681,127
152,203.31131,30340.629,11.443088,,6/21/14,225.72,33203.8,10,,206.28296,128
153,204.09064,30296.61,11.649073,,6/22/14,223.97,32641.32,10,,206.01582,129
154,203.3602,30221.531,11.861906,,6/23/14,219.8,32314.2,10,,206.5658,130
155,201.23863,29924.639,11.699837,,6/24/14,226.23,33217.18,10,,207.4539,131
156,198.09647,29531.273,11.629177,,6/25/14,231.36,34153.99,10,,208.96234,132
157,195.58882,29004.07,11.681906,,6/26/14,127.49,19103.96,10,,210.81383,133
158,198.74774,29281.127,11.071216,,6/27/14,205.56,31053.09,10,,210.34964,134
159,202.61746,30188.9,11.521034,,6/28/14,225.63,33786.13,10,,213.15042,135
160,205.37817,30656.828,11.717142,,6/29/14,220.34,32986.95,10,,212.75397,136
161,206.36581,30760.137,12.089991,,6/30/14,226.06,33952.96,10,,212.85928,137
162,205.60237,30699.459,12.244688,,7/1/14,226.89,33959.63,10,,212.22217,138
163,205.12262,30585.791,12.316069,,7/2/14,226.6,33880.02,10,,211.17249,139
164,204.96913,30636.594,12.573988,,7/3/14,226.34,33786.18,10,,210.7753,140
165,205.7903,30698.312,12.6807995,,7/4/14,225.47,33670.12,10,,210.55003,141
166,205.87498,30641.53,12.377039,,7/5/14,225.66,33588.89,10,,210.829,142
167,204.43997,30455.32,12.251122,,7/6/14,225.73,33598.03,10,,210.17757,143
168,202.20491,30284.6,12.256546,,7/7/14,229.33,34200.09,10,,209.55101,144
169,201.55199,30348.762,13.221887,,7/8/14,230.15,34252.96,10,,209.3653,145
170,202.51074,30516.885,13.788808,,7/9/14,230.38,34364.93,10,,208.67795,146
171,203.58601,30464.771,13.868549,,7/10/14,233.28,34833.4,10,,208.42972,147
172,203.7201,30384.816,13.934366,,7/11/14,232.53,34471.31,10,,207.25926,148
173,203.44649,30315.803,13.828688,,7/12/14,231.65,34449.02,10,,206.5038,149
174,202.67192,30297.781,13.40178,,7/13/14,229.51,34082.23,10,,205.62334,150
175,201.67426,30388.074,13.723516,,7/14/14,226.01,33576.51,10,,204.36243,151
176,201.55934,30467.438,13.696171,,7/15/14,233.07,34486.46,10,,203.22104,152
177,202.27127,30356.406,13.686791,,7/16/14,231.68,34441.9,10,,203.31131,153
178,202.85992,30246.557,13.478743,,7/17/14,231.08,34298.34,10,,204.09064,154
179,202.44992,30276.361,13.506756,,7/18/14,229.48,34149.52,10,,203.3602,155
180,198.81104,29962.053,12.947742,,7/19/14,229.08,34237.95,10,,201.23863,156
181,195.46358,29578.988,13.795395,,7/20/14,155.38,23994.78,10,,198.09647,157
182,194.51231,29220.207,14.310538,,7/21/14,133.54,19994.05,10,,195.58882,158
183,196.86227,29467.832,14.342996,,7/22/14,224.19,33139.97,10,,198.74774,159
184,195.54103,29297.875,14.522917,,7/23/14,221.77,33313.98,10,,202.61746,160
185,194.3544,29049.893,14.638576,,7/24/14,223.21,33365.24,10,,205.37817,161
186,193.80989,28905.33,14.347012,,7/25/14,225.33,33607.39,10,,206.36581,162
187,130.54274,20481.738,8.6338215,,7/26/14,223.58,33534.7,10,,205.60237,163
188,205.49432,31161.924,27.900349,,7/27/14,225.86,33640.22,10,,205.12262,164
189,218.07794,33968.855,27.939146,,7/28/14,225.28,33614.2,10,,204.96913,165
190,216.1667,33417.082,22.166565,,7/29/14,224.12,33458.76,10,,205.7903,166
191,211.22556,33338.473,20.50218,,7/30/14,214.87,31731.98,10,,205.87498,167
192,218.13019,35061.383,14.307851,,7/31/14,196.37,29281.55,10,,204.43997,168
193,201.66743,31459.846,14.428437,,8/1/14,195.54,29145.85,10,,202.20491,169
194,215.35925,33788.68,15.377474,,8/2/14,195.23,28964.52,10,,201.55199,170
195,206.66959,32087.21,14.014248,,8/3/14,194.31,29124.24,10,,202.51074,171
196,210.6692,32093.99,18.632463,,8/4/14,197.66,29277.39,10,,203.58601,172
197,197.64828,29438.646,16.983288,,8/5/14,190.7,28197.03,10,,203.7201,173
198,199.51883,29677.225,10.625803,,8/6/14,198.4,29445.06,10,,203.44649,174
199,197.28357,29677.406,17.14399,,8/7/14,187.32,27811.3,10,,202.67192,175
200,205.36888,30224.473,10.048657,,8/8/14,186.52,27707.32,10,,201.67426,176
201,201.42522,29563.125,10.224968,,8/9/14,187.39,27976.63,10,,201.55934,177
202,209.79007,31227.34,18.538881,,8/10/14,184.07,27473.4,10,,202.27127,178
203,214.2103,31471.264,17.860662,,8/11/14,191.07,28771.57,10,,202.85992,179
204,209.86995,31145.566,13.2830925,,8/12/14,194.74,30416.13,10,,202.44992,180
205,208.74707,30851.086,14.337579,,8/13/14,194.89,30991.69,10,,198.81104,181
206,211.58067,31507.074,17.665697,,8/14/14,192.77,30533.05,10,,195.46358,182
207,209.9016,31775.42,14.756387,,8/15/14,191.43,29912.68,10,,194.51231,183
208,212.62926,32052.516,13.418775,,8/16/14,190.63,28459.71,10,,196.86227,184
209,208.99277,31340.768,13.226218,,8/17/14,190.59,28475.9,10,,195.54103,185
210,204.30707,30631.68,12.282449,,8/18/14,189.16,28425.53,10,,194.3544,186
211,199.41855,30296.932,14.256706,,8/19/14,22.97,5502.07,10,,193.80989,187
212,189.98938,28402.201,12.450436,,9/2/14,29.63,5075.15,10,,130.54274,188
213,202.06721,30409.438,11.797824,,9/3/14,228.09,37203.72,10,,205.49432,189
214,202.54593,30693.326,12.012564,,9/4/14,212.27,33909.88,10,,218.07794,190
215,141.3075,22609.66,10.551386,,9/5/14,211.34,34341.33,10,,216.1667,191
216,170.35991,26106.56,16.645975,,9/6/14,204.1,33229.07,10,,211.22556,192
217,207.99753,32561.123,17.06606,,9/7/14,204.01,33276.35,10,,218.13019,193
218,207.53381,31951.133,20.438719,,9/8/14,197.29,32090.68,10,,201.66743,194
219,202.31708,31325.309,18.156214,,9/9/14,201.45,32673.36,10,,215.35925,195
220,218.72488,33892.406,18.024902,,9/10/14,197.29,32044.85,10,,206.66959,196
221,192.79393,29034.457,17.518587,,9/11/14,190.35,30529.72,10,,210.6692,197
222,211.99263,32494.443,19.825068,,9/12/14,196.46,28665.51,10,,197.64828,198
223,206.85643,32150.4,19.340683,,9/13/14,193.51,28224.12,10,,199.51883,199
224,209.74321,32062.047,22.745367,,9/14/14,188.87,27812.23,10,,197.28357,200
225,196.4816,29221.445,15.914206,,9/15/14,191.73,28557.38,10,,205.36888,201
226,209.47537,31577.572,16.016533,,9/16/14,187.78,28230.86,10,,201.42522,202
227,192.1162,29207.572,18.18264,,9/17/14,185.33,27935.74,10,,209.79007,203
228,192.34843,29127.42,12.839208,,9/18/14,196.95,29380.17,10,,214.2103,204
229,195.67012,29270.53,18.01308,,9/19/14,195.59,29434.43,10,,209.86995,205
230,202.21967,30039.656,25.14103,,9/20/14,200.91,30074.68,10,,208.74707,206
231,200.56566,30248.158,20.789352,,9/21/14,196.86,29595.36,10,,211.58067,207
232,202.38054,30688.871,19.744644,,9/22/14,196.96,29594.57,10,,209.9016,208
233,195.29274,29758.059,18.39426,,9/23/14,198.19,29822.63,10,,212.62926,209
234,198.36067,30458.572,21.591145,,9/24/14,197.56,29987.19,10,,208.99277,210
235,198.28989,30259.623,18.402187,,9/25/14,197.98,30072.98,10,,204.30707,211
236,202.56953,30558.652,20.644712,,9/26/14,197.89,30077.04,10,,199.41855,212
237,200.14468,30077.691,18.373446,,9/27/14,195.97,29965.51,10,,189.98938,213
238,195.98933,29094.084,16.83468,,9/28/14,195.23,29793.36,10,,202.06721,214
239,187.41415,28839.219,18.2758,,9/29/14,11.4,2599.27,10,,202.54593,215
240,180.9804,26819.418,15.707231,,9/30/14,113.56,29051.51,10,,141.3075,216
241,184.75339,27383.332,14.6536455,,10/1/14,190.34,30903.32,16.49,,170.35991,217
242,187.96542,27911.812,15.193277,,10/2/14,195.31,31131.4,16.23,,207.99753,218
243,189.25034,28384.842,15.374844,,10/3/14,178.28,27855.23,16.07,,207.53381,219
244,190.19897,28580.535,15.291394,,10/4/14,191.59,29375.25,16.31,,202.31708,220
245,190.60246,28693.803,14.868174,,10/5/14,188.43,28861.41,16.36,,218.72488,221
246,190.78981,28913.1,14.805581,,10/6/14,187.38,28663.2,16.33,,192.79393,222
247,186.21698,28130.713,15.326993,,10/7/14,189.53,28331.6,16.1,,211.99263,223
248,185.67725,28011.115,15.563786,,10/8/14,184.91,28847.91,16.16,,206.85643,224
249,186.33371,27913.994,15.421306,,10/9/14,190.7,29535.05,16.22,,209.74321,225
250,185.66249,27822.707,15.897868,,10/10/14,192.62,29778.58,15.92,,196.4816,226
251,182.73051,27359.756,15.482284,,10/11/14,190.47,29395.18,15.92,,209.47537,227
252,180.52014,27177.518,15.611568,,10/12/14,189.35,29199.74,15.9,,192.1162,228
253,180.26451,27132.463,16.35035,,10/13/14,188.14,29101.52,16.1,,192.34843,229
254,182.6271,27308.646,16.191772,,10/14/14,188.31,29134.01,16.14,,195.67012,230
255,184.72176,27544.232,15.9238,,10/15/14,188.35,29040.1,16.06,,202.21967,231
256,186.26935,27674.98,15.958106,,10/16/14,187.05,28807.62,15.95,,200.56566,232
257,185.20099,27675.682,15.830529,,10/17/14,186.89,28876.57,15.95,,202.38054,233
258,183.6688,27475.982,16.30241,,10/18/14,187.21,28994.53,15.92,,195.29274,234
259,183.1718,27611.697,16.81732,,10/19/14,187.62,29051.66,15.9,,198.36067,235
260,185.21733,27805.61,17.103199,,10/20/14,185.91,28865.54,15.89,,198.28989,236
261,187.82256,28044.61,17.067566,,10/21/14,190.31,29226.68,15.9,,202.56953,237
262,190.44948,28232.383,17.131653,,10/22/14,188.87,29148.78,15.99,,200.14468,238
263,191.70505,28458.01,17.16928,,10/23/14,188.29,29164.55,15.87,,195.98933,239
264,186.80632,27903.229,16.984676,,10/24/14,174.21,26947.16,15.47,,187.41415,240
265,182.93611,27414.928,17.40458,,10/25/14,117.56,18223.01,13.67,,180.9804,241
266,181.53351,27020.855,16.712353,,10/26/14,161.42,24897.9,14.84,,184.75339,242
267,179.11969,26603.406,15.938409,,10/27/14,190.36,29427.9,15.91,,187.96542,243
268,175.83601,26125.34,15.409545,,10/28/14,190.9,29439.37,15.86,,189.25034,244
269,175.51338,26010.479,14.922804,,10/29/14,182.9,28081.24,15.72,,190.19897,245
270,174.59317,25673.701,15.1858835,,10/30/14,190.57,29207.4,15.88,,190.60246,246
271,172.45686,25350.027,15.576741,,10/31/14,189.19,29365.75,15.75,,190.78981,247
272,170.92525,25163.387,15.350383,,11/1/14,189.29,29331.35,15.75,,186.21698,248
273,183.46458,27308.697,19.572062,,11/2/14,190.03,29437.11,15.8,,185.67725,249
274,200.32083,30609.977,22.702484,,11/3/14,195.52,30261.75,15.97,,186.33371,250
275,209.0152,31912.088,18.937443,,11/4/14,193.73,30053.98,16.03,,185.66249,251
276,217.0267,32672.133,17.97211,,11/5/14,191.12,29724.8,16.04,,182.73051,252
277,218.15697,32449.607,20.515793,,11/6/14,191.37,29747.56,16.04,,180.52014,253
278,216.90248,31948.596,20.384008,,11/7/14,195.85,30226.77,16.02,,180.26451,254
279,215.24072,31270.814,16.527802,,11/8/14,195.26,30501.03,16.39,,182.6271,255
280,210.69821,30613.52,15.27867,,11/9/14,193.72,30493.74,16.46,,184.72176,256
281,212.578,31590.676,15.79227,,11/10/14,184.92,30085.58,16.29,,186.26935,257
282,219.17474,32378.873,18.78749,,11/11/14,192.29,30440.82,16.43,,185.20099,258
283,218.10716,31872.176,20.661179,,11/12/14,192.99,30206.23,16.17,,183.6688,259
284,216.33865,31943.523,22.110582,,11/13/14,190.12,29841.9,16.06,,183.1718,260
285,216.95937,31956.998,24.222683,,11/14/14,189.7,29711.93,20.3,,185.21733,261
286,214.24106,31197.098,23.912834,,11/15/14,191.69,29940.92,20.26,,187.82256,262
287,210.9826,30440.686,20.288181,,11/16/14,189.15,29561.14,20.42,,190.44948,263
288,211.49217,30164.05,16.316656,,11/17/14,186.7,28687.79,20.63,,191.70505,264
289,210.50984,30184.264,15.043924,,11/18/14,191.68,29276.48,20.5,,186.80632,265
290,210.74359,30513.95,16.344383,,11/19/14,186.82,28584.54,20.25,,182.93611,266
291,214.75725,31227.305,21.576172,,11/20/14,189.11,29000.05,20.14,,181.53351,267
292,217.82022,32263.559,23.606686,,11/21/14,187.96,28946.38,20.08,,179.11969,268
293,215.13708,32411.453,20.228073,,11/22/14,187.72,28822.89,20.07,,175.83601,269
294,215.74553,31785.318,17.330914,,11/23/14,181.04,28304.45,20.05,,175.51338,270
295,210.78726,30665.639,16.837029,,11/24/14,188.01,28633.37,16.21,,174.59317,271
296,196.35864,28425.047,17.03571,,11/25/14,150.52,22229.56,14.51,,172.45686,272
297,175.85101,25565.82,19.245106,,1/1/15,29.34,5236.8,10.6,,170.92525,273
298,161.57544,23557.441,19.128534,,1/2/15,159.18,23932.65,15.04,,183.46458,274
299,158.0349,23230.947,23.492855,,1/3/15,207.72,33677.2,16.22,,200.32083,275
300,161.5475,24043.502,24.151375,,1/4/15,206.42,30246.43,16.3,,209.0152,276
301,162.40128,24227.895,22.641502,,1/5/15,221.34,32335.34,16.82,,217.0267,277
302,163.22539,24168.197,21.50944,,1/6/15,223.41,32473.2,17.05,,218.15697,278
303,153.55884,22966.07,19.267704,,1/7/15,230.15,33678.09,16.99,,216.90248,279
304,143.19733,21498.621,15.953579,,1/8/15,225.72,32736.7,16.99,,215.24072,280
305,153.868,23161.15,19.464712,,1/9/15,183,26547.98,16.75,,210.69821,281
306,158.93388,24018.74,22.681547,,1/10/15,196.73,28526.92,16.73,,212.578,282
307,165.15047,25067.008,24.270231,,1/11/15,236.36,34112.01,18.26,,219.17474,283
308,164.7182,24817.46,22.474817,,1/12/15,221.17,32055.9,17.19,,218.10716,284
309,164.41844,24510.895,22.256613,,1/13/15,220.09,32040.06,17.12,,216.33865,285
310,163.20633,24316.768,22.0137,,1/14/15,196.41,28806.16,16.87,,216.95937,286
311,165.88258,24844.77,23.144844,,1/15/15,209.59,30437.61,16.96,,214.24106,287
312,165.71355,24659.188,21.399656,,1/16/15,213.12,30288.99,16.71,,210.9826,288
313,167.3533,24796.113,25.238712,,1/17/15,197.91,29067.23,16.41,,211.49217,289
314,162.18295,24624.373,23.759684,,1/18/15,208.87,30547.97,16.42,,210.50984,290
315,162.89943,24698.246,22.908491,,1/19/15,211.31,30805.25,16.48,,210.74359,291
316,162.1594,24318.934,21.597446,,1/20/15,201.3,29442.84,17.44,,214.75725,292
317,163.70737,25087.13,18.969975,,1/21/15,219.96,32293.14,17.5,,217.82022,293
318,173.90602,26265.588,22.77649,,1/22/15,215.04,31788.38,16.98,,215.13708,294
319,174.5325,26308.06,20.089624,,1/23/15,210.97,31290.06,16.76,,215.74553,295
320,178.50037,26833.842,18.897552,,1/24/15,207.84,30671.23,16.62,,210.78726,296
321,181.77438,27527.31,23.03958,,1/25/15,203.89,30364.01,16.58,,196.35864,297
322,174.29765,26741.254,26.881176,,1/26/15,188.7,28062.65,16.06,,175.85101,298
323,167.04077,25795.568,29.209972,,1/27/15,87.82,12905.9,13.56,,161.57544,299
324,162.89488,24991.639,22.656694,,1/28/15,179.1,26348.36,19.38,,158.0349,300
325,164.17981,24521.39,20.39422,,1/29/15,175.79,26064.42,19.18,,161.5475,301
326,160.29683,23766.209,20.066856,,1/30/15,161.02,23724.91,18.28,,162.40128,302
327,159.52684,23459.428,21.863596,,1/31/15,126.24,18365.2,17.54,,163.22539,303
328,158.23433,23347.812,21.49318,,2/1/15,105.73,15593.73,16.29,,153.55884,304
329,156.86835,23096.568,20.329699,,2/2/15,159.92,23602.44,18.38,,143.19733,305
330,154.85727,23114.072,21.38125,,2/3/15,110.62,16400.31,19.9,,153.868,306
331,157.83453,23429.521,21.815456,,2/4/15,106.92,17039.92,19.46,,158.93388,307
332,153.34183,22832.365,19.302923,,2/5/15,204.42,33804.7,18.5,,165.15047,308
333,148.85391,22415.127,19.855366,,2/6/15,120.3,18257.77,17.9,,164.7182,309
334,149.9633,22541.75,25.827501,,2/7/15,144.76,22391.87,18.23,,164.41844,310
335,148.0893,22352.57,28.989906,,2/8/15,148.78,23887.91,18.41,,163.20633,311
336,146.68184,22193.244,25.908882,,2/9/15,169.15,27631.29,18.38,,165.88258,312
337,145.8942,21872.455,24.508167,,2/10/15,146.07,22455.44,18.45,,165.71355,313
338,147.58937,21824.506,24.68311,,2/11/15,178.9,27368.86,19.81,,167.3533,314
339,149.85455,22054.777,25.155933,,2/12/15,174.98,26694.1,19.64,,162.18295,315
340,153.54848,22753.797,24.818302,,2/13/15,180.31,27468.53,19.81,,162.89943,316
341,149.13509,22318.219,24.015495,,2/14/15,177.07,26927.21,19.85,,162.1594,317
342,147.6062,21887.318,23.285564,,2/15/15,179.11,27163.48,19.92,,163.70737,318
343,140.37796,20772.455,21.32774,,2/16/15,178.04,27046.45,19.28,,173.90602,319
344,141.21747,20758.045,20.619133,,2/17/15,173.71,26675.78,19.38,,174.5325,320
345,143.7678,21223.521,20.457508,,2/18/15,180.77,27022.9,18.95,,178.50037,321
346,143.502,21188.834,20.326717,,2/19/15,182.89,27203.65,19.12,,181.77438,322
347,144.70354,21455.111,20.489079,,2/20/15,178.49,26681.48,20.34,,174.29765,323
348,148.7966,22038.467,20.429173,,2/21/15,174.89,26114.79,19.91,,167.04077,324
349,149.1463,22130,19.760714,,2/22/15,179.23,26742.38,19.58,,162.89488,325
350,143.6025,21295.264,19.912067,,2/23/15,181.56,27309.99,19.14,,164.17981,326
351,133.62405,19556.26,19.264618,,2/24/15,175.72,26102.12,19.26,,160.29683,327
352,125.5326,18467.309,19.018051,,2/25/15,176.82,25901.44,19.32,,159.52684,328
353,79.27365,12176.696,8.487534,,2/26/15,177.15,26006.74,18.52,,158.23433,329
354,129.21286,19079.848,24.748379,,2/27/15,157.19,23373.27,21.59,,156.86835,330
355,138.70459,20436.465,27.625282,,2/28/15,157.79,24091.6,21.67,,154.85727,331
356,148.8765,21738.88,29.956036,,3/1/15,157.72,23940.68,21.55,,157.83453,332
357,144.67325,21424.434,29.24818,,3/2/15,156.98,23789.47,21.5,,153.34183,333
358,140.53404,21417.783,22.01163,,3/3/15,162.93,24568.66,21.78,,148.85391,334
359,144.98886,21580.723,21.928947,,3/4/15,161.52,24384.89,21.37,,149.9633,335
360,152.85031,22520.377,24.971128,,3/5/15,158.88,24049.6,21.58,,148.0893,336
361,147.34535,21986.277,24.546734,,3/6/15,150.54,22666.28,21.31,,146.68184,337
362,149.95709,22593.451,28.18736,,3/7/15,149.7,22697.74,21.34,,145.8942,338
363,135.01369,20041.316,21.771193,,3/8/15,149.76,22685.24,21.37,,147.58937,339
364,138.84512,20427.463,18.453962,,3/9/15,151.82,22803.23,21.39,,149.85455,340
365,139.8524,21197.672,23.281029,,3/10/15,150.41,22335.19,21.31,,153.54848,341
366,136.28798,20473.957,15.173948,,3/11/15,150.13,22245.03,21.35,,149.13509,342
367,140.82089,21079.578,19.09572,,3/12/15,150.59,22343.09,21.75,,147.6062,343
368,148.4754,22608.303,34.30882,,3/13/15,149.08,22378.79,21.41,,140.37796,344
369,148.89659,22422.766,31.071188,,3/14/15,148.78,22182.6,21.33,,141.21747,345
370,150.33514,22339.924,25.588501,,3/15/15,148.65,21940.68,21.44,,143.7678,346
371,148.7612,22164.375,22.018833,,3/16/15,147.89,21730.01,21.44,,143.502,347
372,147.34439,22338.877,23.18199,,3/17/15,152.21,22170.21,21.38,,144.70354,348
373,147.2164,22514.594,24.378101,,3/18/15,151.81,22070.3,21.26,,148.7966,349
374,147.57173,22572.541,27.08979,,3/19/15,151.69,22202.28,21.26,,149.1463,350
375,149.11708,22576.97,23.916086,,3/20/15,155.47,22659.93,22.17,,143.6025,351
376,139.07712,20870.592,19.487694,,3/21/15,157.97,22967.29,21.5,,133.62405,352
377,133.15749,20227.748,20.547462,,3/22/15,29.12,4415.12,12.23,,125.5326,353
378,135.73816,20237.521,19.285912,,3/25/15,31.78,4799.46,12.47,,79.27365,354
379,138.31139,20259.674,19.161259,,3/26/15,132.58,19480.86,19.93,,129.21286,355
380,134.31142,19735.068,18.2285,,3/27/15,147.64,21255.76,20.67,,138.70459,356
381,133.03253,19685.7,18.418913,,3/28/15,148.59,19898.09,21.2,,148.8765,357
382,132.14606,19556.717,18.287558,,3/29/15,138.89,19966.03,20.41,,144.67325,358
383,133.96667,19833.549,18.393145,,3/30/15,145.23,20972.44,21.16,,140.53404,359
384,134.66443,19922.557,18.476278,,3/31/15,145.11,20621.47,20.88,,144.98886,360
385,133.55022,19708.6,18.545963,,4/1/15,138.25,20241.53,20.68,,152.85031,361
386,132.57219,19587.824,18.884048,,4/2/15,139.48,20327.87,20.57,,147.34535,362
387,132.37892,19577.424,19.143223,,4/3/15,140.55,20174.69,20.67,,149.95709,363
388,133.12206,19745.81,19.272892,,4/4/15,137.88,20051.66,20.47,,135.01369,364
389,134.70749,20020.37,19.393135,,4/5/15,139.07,20281.2,20.54,,138.84512,365
390,135.84187,20086.008,19.749739,,4/6/15,139.02,20214.54,20.68,,139.8524,366
391,135.32782,19949.4,20.045141,,4/7/15,138.45,20114.51,19.95,,136.28798,367
392,134.92346,19992.523,20.313433,,4/8/15,136.88,19845.48,19.82,,140.82089,368
393,134.80338,19995.309,20.23741,,4/9/15,141.4,20520.18,20.15,,148.4754,369
394,134.99652,20140.65,19.861992,,4/10/15,138.03,20199.93,20.05,,148.89659,370
395,122.19533,18556.715,15.721502,,4/11/15,139.68,20280.86,20.09,,150.33514,371
396,138.1305,20761.814,18.965277,,4/12/15,139.96,20476.34,20.08,,148.7612,372
397,139.23691,21039.424,21.484478,,4/13/15,139.74,20955.57,20.22,,147.34439,373
398,140.38396,21098.695,23.458427,,4/14/15,138.5,20773.85,20.45,,147.2164,374
399,138.0967,21041.633,22.18788,,4/15/15,141.98,21044.95,20.86,,147.57173,375
400,136.17935,20731.906,20.271484,,4/16/15,139.79,20750.91,20.86,,149.11708,376
401,136.0109,20454.846,20.262,,4/17/15,144.28,21460.22,21.18,,139.07712,377
402,136.60263,20427.271,19.927706,,4/18/15,140.7,20950.78,21.22,,133.15749,378
403,132.97571,20098.414,20.8589,,4/19/15,140.39,20277.99,21.19,,135.73816,379
404,133.39012,19983.762,21.245504,,4/20/15,140.77,20437.66,21.2,,138.31139,380
405,127.32333,18801.8,19.146755,,4/21/15,142.18,20926.98,20.66,,134.31142,381
406,125.92714,18788.828,18.36215,,4/22/15,142.09,20787.49,20.89,,133.03253,382
407,122.23637,18210.56,18.089472,,4/23/15,149.02,21557.71,20.82,,132.14606,383
408,119.392555,17804.51,14.185637,,4/24/15,146.56,21212.57,20.66,,133.96667,384
409,123.02455,18207.406,17.1542,,4/25/15,146.94,21264.56,20.92,,134.66443,385
410,127.775154,18697.412,22.437895,,4/26/15,146.33,21153.43,20.71,,133.55022,386
411,126.7653,18741.035,22.03883,,4/27/15,147.85,21311.76,20.81,,132.57219,387
412,126.335175,18735.627,20.602556,,4/28/15,148.21,21330.01,20.77,,132.37892,388
413,123.73556,18333.168,19.397696,,4/29/15,147.6,21170.29,20.49,,133.12206,389
414,122.883255,18333.166,20.26977,,4/30/15,148.34,21275.62,20.37,,134.70749,390
415,122.14817,18032.486,21.327,,5/1/15,147.94,21106.21,20.34,,135.84187,391
416,123.638756,18045.854,21.89391,,5/2/15,147.7,21043.84,20.37,,135.32782,392
417,125.94037,18617.695,21.069983,,5/3/15,146.68,21139.99,20.4,,134.92346,393
418,123.970215,18403.086,20.284084,,5/4/15,142.2,20673.95,20.35,,134.80338,394
419,123.35494,18416.637,21.12941,,5/5/15,89.35,13071.16,16.49,,134.99652,395
420,125.99598,18701.4,20.597622,,5/6/15,152.94,22341.92,21.33,,122.19533,396
421,125.79077,18685.787,19.849564,,5/7/15,141.8,20578.69,20.44,,138.1305,397
422,125.90528,18739.521,19.586128,,5/8/15,139.98,20877.64,20.42,,139.23691,398
423,127.269775,18945.59,19.27238,,5/9/15,140.78,20481.08,20.48,,140.38396,399
424,128.12334,19167.803,19.25819,,5/10/15,138.95,20268.59,20.32,,138.0967,400
425,130.19516,19467.334,19.891531,,5/11/15,138.15,20126.92,20.21,,136.17935,401
426,129.04973,19271.33,20.169033,,5/12/15,137.3,19973.68,20.15,,136.0109,402
427,127.69058,19007.422,20.049517,,5/13/15,137.2,19924.96,20.17,,136.60263,403
428,123.4957,18560.65,18.986322,,5/14/15,128.43,18623.2,19.14,,132.97571,404
429,122.09063,18280.148,18.424097,,5/15/15,128.78,18635.22,19.13,,133.39012,405
430,122.77303,18087.127,20.47985,,5/16/15,129.38,18663.88,19.11,,127.32333,406
431,122.878426,18003.695,22.193605,,5/17/15,129.12,18695.29,19.1,,125.92714,407
432,121.599884,18019.799,22.104216,,5/18/15,129.03,18794.24,19.14,,122.23637,408
433,120.14926,17686.459,21.452961,,5/19/15,129.09,18671.97,19.08,,119.392555,409
434,119.827255,17518.912,22.035833,,5/20/15,127.79,18452.31,18.97,,123.02455,410
435,120.70271,17608.705,21.896938,,5/21/15,125.79,18393.85,19.08,,127.775154,411
436,120.38908,17563.598,21.989878,,5/22/15,124.23,18137.44,19.94,,126.7653,412
437,120.17651,17502.377,20.799839,,5/23/15,117.85,17861.29,19.04,,126.335175,413
438,121.80017,17751.48,20.84437,,5/24/15,126.5,18569.11,20.22,,123.73556,414
439,122.11564,17947.81,22.391615,,5/25/15,119.12,17531.97,19.51,,122.883255,415
440,122.51203,17955.53,22.200363,,5/26/15,122.98,18075.24,19.4,,122.14817,416
441,122.587395,18046.885,20.871876,,5/27/15,121.64,17812.76,19.48,,123.638756,417
442,122.96272,18117.617,21.060787,,5/28/15,124.55,18359.27,20.55,,125.94037,418
443,122.467224,18071.932,23.500814,,5/29/15,124.53,18317.14,19.82,,123.970215,419
444,125.15167,18261.92,26.153538,,5/30/15,123.62,18245.14,20.2,,123.35494,420
445,126.92647,18517.172,25.171026,,5/31/15,124.56,18442.33,19.39,,125.99598,421
446,126.166885,18518.55,23.673733,,6/1/15,124.42,18537.34,20.07,,125.79077,422
447,123.79392,18375.682,23.318428,,6/2/15,124.53,18606.84,20.1,,125.90528,423
448,121.8096,17992.988,24.994097,,6/3/15,123.45,18330.69,19.93,,127.269775,424
449,124.007545,18335.475,24.992859,,6/4/15,123.47,18258.06,19.63,,128.12334,425
450,125.11374,18594.229,23.234015,,6/5/15,123.13,17940.46,19.23,,130.19516,426
451,124.07818,18600.268,23.381401,,6/6/15,122.63,17858.83,19.22,,129.04973,427
452,123.91518,18488.963,23.924559,,6/7/15,125.2,18731.4,21.15,,127.69058,428
453,124.7312,18561.777,23.676981,,6/8/15,129.58,18847.83,19.87,,123.4957,429
454,124.02322,18568.564,23.066174,,6/9/15,124.53,18094.64,19.28,,122.09063,430
455,124.75258,18558.855,23.6215,,6/10/15,122.65,17808.74,19.01,,122.77303,431
456,123.72847,18348.486,24.781033,,6/11/15,121.14,17629.46,19.77,,122.878426,432
457,123.22688,18234.098,25.529919,,6/12/15,122.75,17909.03,19.1,,121.599884,433
458,123.47291,18311.982,25.694323,,6/13/15,119.94,17293.95,18.93,,120.14926,434
459,122.03983,18050.596,25.31866,,6/14/15,118.11,17191.07,19.41,,119.827255,435
460,121.17655,17923.635,25.864305,,6/15/15,119.23,17279.07,19.24,,120.70271,436
461,120.32088,17777.586,25.845192,,6/16/15,119.17,17260.52,19.46,,120.38908,437
462,119.38697,17789.846,25.14909,,6/17/15,117.16,17133.64,19.4,,120.17651,438
463,119.40293,17703.207,24.469028,,6/18/15,121.92,17736.79,19.6,,121.80017,439
464,120.322914,17788.346,25.106577,,6/19/15,123.65,18351.98,19.63,,122.11564,440
465,122.24265,18100.625,26.229357,,6/20/15,116.13,17183.26,19.07,,122.51203,441
466,122.35964,18060.55,25.443903,,6/21/15,122.9,18307.71,19.89,,122.587395,442
467,121.508965,17962.182,26.075077,,6/22/15,122.07,18055.35,19.75,,122.96272,443
468,120.35865,17747.086,26.329868,,6/23/15,119.77,17717.37,19.81,,122.467224,444
469,74.54038,11276.46,9.463509,,6/24/15,121.13,17833.39,19.99,,125.15167,445
470,289.2639,43996.16,103.272,,6/25/15,120.33,17719.04,20.17,,126.92647,446
471,295.78995,44864.004,170.47379,,6/26/15,118.89,17397.28,20.22,,126.166885,447
472,290.60077,43677.53,175.40915,,6/27/15,119.11,17398.54,20.25,,123.79392,448
473,294.4674,44633.707,190.67415,,6/28/15,125.59,18361.9,20.48,,121.8096,449
474,288.59705,43488.375,174.62633,,6/29/15,125.56,18047.23,20.07,,124.007545,450
475,313.18887,47449.062,163.63948,,6/30/15,127.66,18201.39,19.84,,125.11374,451
476,323.70163,47930.41,155.17764,,7/1/15,113.49,16789.85,20.08,,124.07818,452
477,322.10452,47497.234,153.72049,,7/2/15,136.88,20207.37,20.08,,123.91518,453
478,321.93607,47228.492,149.62598,,7/3/15,133.76,19700.44,19.89,,124.7312,454
479,310.1773,45681.344,146.75461,,7/4/15,132.31,19445.65,19.79,,124.02322,455
480,208.52136,31700.219,110.645294,,7/5/15,133.69,19685.19,19.66,,124.75258,456
481,237.58867,39792.58,150.03871,,7/6/15,128.69,18931.16,19.38,,123.72847,457
482,307.10883,49028.934,163.83278,,7/7/15,130.3,19085.98,19.79,,123.22688,458
483,298.0369,45451.91,147.6103,,7/8/15,129.77,19119.59,19.21,,123.47291,459
484,294.73483,46565.277,158.68217,,7/9/15,128.76,18904.52,18.87,,122.03983,460
485,292.2728,44382.043,168.92297,,7/10/15,126.55,18554.3,18.93,,121.17655,461
486,285.8599,42422.254,151.62437,,7/11/15,124.12,18407.67,18.79,,120.32088,462
487,280.8833,41235.305,143.45679,,7/12/15,124.01,18240.19,18.68,,119.38697,463
488,270.69516,39951.992,141.98994,,7/13/15,132.36,19517.14,23.47,,119.40293,464
489,266.10098,40159.555,148.60461,,7/14/15,130.14,19192.82,23.31,,120.322914,465
490,269.82605,41545.84,151.6098,,7/15/15,127.02,18765.99,22.91,,122.24265,466
491,268.6029,40196.504,154.78389,,7/16/15,126.37,18668.33,22.95,,122.35964,467
492,241.27657,36059.2,138.71196,,7/17/15,129.01,19069.05,23.31,,121.508965,468
493,242.67992,36257.742,138.20525,,7/18/15,51.22,7656.67,15.65,,120.35865,469
494,238.97739,35357.13,137.97467,,8/15/15,58,8821.08,10,,74.54038,470
495,242.42497,35856.535,132.11057,,8/16/15,317.27,47683.09,106.13,,289.2639,471
496,247.89537,36788.95,135.85593,,8/17/15,286.73,43436.95,174.84,,295.78995,472
497,244.94594,36240.473,130.39565,,8/18/15,288.96,43493.58,169,,290.60077,473
498,240.98459,35668.445,126.940796,,8/19/15,293.67,44219.71,189.23,,294.4674,474
499,237.82988,35210.8,122.85578,,8/20/15,295.35,44345.95,184.24,,288.59705,475
500,236.282,35134.93,122.14267,,8/21/15,323.83,48776.09,165.77,,313.18887,476
501,234.25706,35460.926,119.74884,,8/22/15,323.24,48300.46,156.06,,323.70163,477
502,232.65894,35253.62,117.57309,,8/23/15,323.97,48155.58,151.91,,322.10452,478
503,228.93184,34664.445,116.151436,,8/24/15,323.19,48358.06,150.39,,321.93607,479
504,226.80577,34383.94,116.5715,,8/25/15,322.41,48084.18,149.62,,310.1773,480
505,223.83421,34072.87,118.12709,,8/26/15,204.38,31111.47,106.42,,208.52136,481
506,219.87428,33288.78,114.81819,,8/31/15,216.67,37499.72,152.97,,237.58867,482
507,217.93832,32970.926,110.49456,,9/1/15,312.75,50331.01,160.1,,307.10883,483
508,214.02199,32542.416,108.502075,,9/2/15,295.69,45380.54,147.42,,298.0369,484
509,212.4332,32316.293,108.20962,,9/3/15,286.99,45359.37,149.21,,294.73483,485
510,211.50444,32194.684,108.41631,,9/4/15,275.44,42733.35,154.4,,292.2728,486
511,210.33476,32220.77,108.84428,,9/5/15,281.33,42557.11,147.98,,285.8599,487
512,207.99715,32044.766,109.260216,,9/6/15,272.04,40835.3,134.91,,280.8833,488
513,207.47264,31888.158,109.72562,,9/7/15,269.89,40412.99,141.09,,270.69516,489
514,209.5574,32036.99,110.91277,,9/8/15,267.64,40126.26,143.4,,266.10098,490
515,212.13393,32270.89,112.621025,,9/9/15,267.81,40027.53,143.73,,269.82605,491
516,212.68188,32377.572,112.98049,,9/10/15,266.87,39892.36,146.83,,268.6029,492
517,210.56627,32112.559,112.26862,,9/11/15,240.98,36257.24,138.19,,241.27657,493
518,205.93236,31667.178,111.09327,,9/12/15,244.15,36205.96,136.88,,242.67992,494
519,200.15244,30810.418,108.9916,,9/13/15,242.11,35834.71,137.06,,238.97739,495
520,191.04782,29457.277,104.92307,,9/14/15,235.7,35357.07,136.45,,242.42497,496
521,198.06514,30675.994,110.37102,,9/15/15,244,36155.83,135.84,,247.89537,497
522,202.96104,31709.094,117.1241,,9/16/15,246.35,36337.56,135.24,,244.94594,498
523,207.237,32334.326,121.00763,,9/17/15,243.94,36233.74,136.26,,240.98459,499
524,203.60017,31700.059,116.89462,,9/18/15,253.84,37137.27,127.01,,237.82988,500
525,200.09114,31009.268,111.95939,,9/19/15,246.53,35973.83,124.61,,236.282,501
526,202.77824,31475.795,111.76613,,9/20/15,236.01,35462.31,118,,234.25706,502
527,205.35745,31699.422,113.99947,,9/21/15,250.08,37690.28,122.42,,232.65894,503
528,206.6378,31508.373,114.78777,,9/22/15,206.11,32211.93,101.81,,228.93184,504
529,208.49683,31655.123,114.912285,,9/23/15,256.33,38652.82,134.49,,226.80577,505
530,200.28229,30400.982,109.51518,,9/24/15,222.76,33575.24,118.95,,223.83421,506
531,196.51248,29827.238,109.18217,,9/25/15,209.22,31927.64,121.91,,219.87428,507
532,193.13245,29292.336,108.923386,,9/26/15,209.8,31692.48,121.48,,217.93832,508
533,185.90517,28290.72,103.466835,,9/27/15,207.14,31691.94,121.33,,214.02199,509
534,187.48236,28787.33,105.64524,,9/28/15,206.37,31382.29,120.72,,212.4332,510
535,191.76704,29551.322,113.4257,,9/29/15,206.02,31401.89,115.45,,211.50444,511
536,192.85725,29917.328,116.07704,,9/30/15,213.46,32408.83,113.45,,210.33476,512
537,194.25789,30518.932,119.95611,,10/1/15,216.65,32953.56,117.13,,207.99715,513
538,193.53592,30798.422,123.4302,,10/2/15,211.61,32135.83,113.07,,207.47264,514
539,192.3859,30833.756,124.50281,,10/3/15,209.78,31949.36,116.41,,209.5574,515
540,194.2266,30653.016,121.93833,,10/4/15,209.12,31651,115.22,,212.13393,516
541,197.32771,31336.658,119.54028,,10/5/15,207.39,31612.12,115.78,,212.68188,517
542,198.29106,31904.701,119.500404,,10/6/15,206.33,31515.25,115.61,,210.56627,518
543,196.57733,31500.85,118.25397,,10/7/15,206.94,31395.06,114.92,,205.93236,519
544,194.46466,30814.441,114.3719,,10/8/15,203.92,31177.02,114.74,,200.15244,520
545,194.16875,30160.043,111.80231,,10/9/15,212.82,32165.23,112.93,,191.04782,521
546,190.901,29274.584,108.836334,,10/10/15,212.21,32132.14,113.68,,198.06514,522
547,171.77344,26581.262,101.01884,,10/11/15,212.88,32215.62,113.54,,202.96104,523
548,136.9124,21556.096,82.76671,,10/12/15,210.45,32077.63,113.72,,207.237,524
549,89.418816,14407.84,57.484,,10/13/15,187.23,28826.5,112.08,,203.60017,525
550,161.92432,25853.363,115.92716,,10/14/15,206.01,30976.59,115.17,,200.09114,526
551,269.1543,41776.855,229.51256,,10/15/15,205.07,31349.91,113.39,,202.77824,527
552,281.26096,43766.883,240.22789,,10/16/15,211.08,31855.07,119.27,,205.35745,528
553,283.68622,43597.418,240.76904,,10/17/15,208.84,31352.65,116.49,,206.6378,529
554,227.24677,35356.58,174.32336,,10/18/15,209.65,31200.92,115.74,,208.49683,530
555,224.4035,35006.04,166.27066,,10/19/15,203.19,30505.28,113.97,,200.28229,531
556,236.02524,35862.523,170.27734,,10/20/15,203.54,30522.57,110.54,,196.51248,532
557,240.27695,35879.27,179.81007,,10/21/15,202.12,30310.14,112.82,,193.13245,533
558,240.03638,36212.22,174.8639,,10/22/15,202.01,30222.59,107.28,,185.90517,534
559,229.40315,34265.96,161.88672,,10/23/15,199.61,30039.78,110.33,,187.48236,535
560,117.0291,17020.285,90.977104,,10/24/15,197.22,29877.44,118.31,,191.76704,536
561,103.612946,15351.612,80.8893,,10/25/15,208.44,31154.88,118.89,,192.85725,537
562,50.91494,8080.486,47.844852,,10/26/15,182.37,29904.43,117.88,,194.25789,538
563,40.80158,6238.9927,42.075016,,10/27/15,182.31,29816.7,119.17,,193.53592,539
564,228.19418,36258.668,223.57974,,10/28/15,197.99,31812.18,125.49,,192.3859,540
565,315.60907,47953.445,353.409,,10/29/15,215.08,33138.46,140.93,,194.2266,541
566,245.89336,38300.6,297.3676,,10/30/15,197.65,30968.82,125.8,,197.32771,542
567,240.55377,36615.76,280.8809,,10/31/15,207.32,35598.96,138.32,,198.29106,543
568,232.23364,35236.34,276.28198,,11/1/15,209.29,35393.41,132.76,,196.57733,544
569,226.33897,35144.12,273.8393,,11/2/15,198.93,33499.6,110.3,,194.46466,545
570,223.49698,34995.973,242.79955,,11/3/15,200.5,31084.05,111.93,,194.16875,546
571,230.49467,34295.766,239.33975,,11/4/15,207.78,31509.55,112.91,,190.901,547
572,207.89594,31100.77,202.9132,,11/5/15,206.85,31036.91,113.85,,171.77344,548
573,203.34532,30641.61,201.70749,,11/6/15,110.12,16835.21,76.54,,136.9124,549
574,209.93488,31326.604,202.85188,,11/7/15,81.19,12478.34,59.67,,89.418816,550
575,204.87685,30740.64,197.09097,,11/8/15,185.75,28562.49,118.35,,161.92432,551
576,203.73256,30847.582,198.71268,,11/9/15,278.28,42747.51,234.72,,269.1543,552
577,202.61938,30355.941,199.68512,,11/10/15,275.63,42580.23,237.26,,281.26096,553
578,201.57481,30664.566,199.47885,,11/11/15,290.63,44122.2,244.54,,283.68622,554
579,200.88293,30422.924,197.92232,,11/12/15,235.07,35852.27,170.8,,227.24677,555
580,201.11829,30461.037,198.92262,,11/13/15,233.38,35672.73,169.04,,224.4035,556
581,199.1603,30040.832,197.65166,,11/14/15,238.33,36485.48,171.27,,236.02524,557
582,195.91428,29988.516,194.39706,,11/15/15,239.42,36080.8,181.28,,240.27695,558
583,194.79611,29796.012,192.70097,,11/16/15,240.16,36252.53,171.87,,240.03638,559
584,187.94423,28598.799,190.08237,,11/17/15,238.37,35974.85,165.38,,229.40315,560
585,188.55704,29287.32,192.89845,,11/18/15,102.58,15889.18,82.08,,117.0291,561
586,189.17584,29501.947,194.78702,,11/20/15,95.34,14708.17,76.62,,103.612946,562
587,190.834,32300.01,168.8593,,11/21/15,43.94,6756.17,39.25,,50.91494,563
588,212.68715,34194.336,176.31166,,11/22/15,14.47,2215.86,20.05,,40.80158,564
589,197.20793,30759.496,157.32314,,12/9/15,212.65,33153.72,201.48,,228.19418,565
590,180.5602,28098.906,142.2292,,12/10/15,310.21,46696.87,352.29,,315.60907,566
591,187.30002,28835.826,142.98499,,12/11/15,246.08,37474.69,297.03,,245.89336,567
592,186.99773,29232.598,138.10803,,12/12/15,241.6,36641.33,278.23,,240.55377,568
593,185.1995,28768.453,128.82765,,12/13/15,238.04,36024.89,272.84,,232.23364,569
594,184.71571,28434.596,120.57674,,12/14/15,236.18,35841.54,273.35,,226.33897,570
595,182.10728,27926.357,113.93172,,12/15/15,234.69,35529.85,240.02,,223.49698,571
596,176.88623,27233.541,108.08624,,12/16/15,231.34,35235.31,237.81,,230.49467,572
597,175.45525,27142.348,106.461136,,12/17/15,210.03,31798.2,201.59,,207.89594,573
598,177.35437,27468.623,107.417854,,12/18/15,206.85,31467.93,201.78,,203.34532,574
599,174.12123,27141.72,105.092125,,12/19/15,205.29,31179.68,198.56,,209.93488,575
600,171.06462,26517.377,102.31943,,12/20/15,202.27,30878.87,197.41,,204.87685,576
601,169.22275,26204.12,101.25783,,12/21/15,201.25,30612.65,196.16,,203.73256,577
602,170.13174,26406.016,102.13265,,12/22/15,199.05,30329.82,195.23,,202.61938,578
603,170.09135,26616.598,102.59375,,12/23/15,199.05,30478.01,197.47,,201.57481,579
604,169.99411,26715.531,103.43848,,12/24/15,196.87,30264.95,194.79,,200.88293,580
605,170.38338,26585.227,104.19408,,12/25/15,196.45,29987.81,193.2,,201.11829,581
606,171.4766,26653.074,105.33334,,12/26/15,194.64,29919.47,193.67,,199.1603,582
607,172.10007,26754.447,105.659546,,12/27/15,190.35,29763.39,189.8,,195.91428,583
608,169.1906,26295.008,104.233826,,12/28/15,192.7,29705.89,192.41,,194.79611,584
609,163.76552,25397.857,101.43913,,12/29/15,191.39,29601.73,190.73,,187.94423,585
610,165.8623,25448.957,102.46421,,12/30/15,191.5,29548.88,189.69,,188.55704,586
611,169.87405,25795.412,105.24532,,12/31/15,190.56,29471.23,190.4,,189.17584,587
612,172.42836,26238.178,108.61524,,1/1/16,190.03,29243.88,189.87,,190.03,1
613,170.98137,26216.889,109.2805,,1/2/16,186.17,28901.78,188.07,,186.17,2
614,165.38689,25711.688,106.820656,,1/3/16,133.75,20680.61,140.9,,133.75,3
615,166.29405,25797.316,109.28866,,1/4/16,19.15,3106.64,33.82,,19.15,4
616,168.71257,26097.428,111.2946,,1/20/16,93.34,15140.13,123.32,,93.34,5
617,169.75235,26314.352,112.458954,,1/21/16,273.19,42431.34,341.04,,273.19,6
618,167.9776,26095.656,112.334114,,1/22/16,194.57,30672.73,308.62,,194.57,7
619,166.71394,25982.574,112.53743,,1/23/16,200.79,31217.99,318.45,,200.79,8
620,166.87029,25919.045,113.53065,,1/24/16,203.46,31488.05,318.13,,203.46,9
621,166.99701,25952.033,114.55209,,1/25/16,216.42,28755.88,295.28,,216.42,10
622,169.26956,26082.986,115.30061,,1/26/16,191.44,30390.5,308.25,,191.44,11
623,163.41539,25520.297,113.31602,,1/27/16,205.72,31746.36,258.37,,205.72,12
624,172.54428,26777.137,118.90193,,1/28/16,196.22,30679.05,209.9,,196.22,13
625,176.35144,27615.955,123.098145,,1/29/16,197.19,30639.92,209.76,,197.19,14
626,179.70526,28222.186,127.98102,,1/30/16,196.18,30444.82,208.78,,196.18,15
627,178.42865,28025.895,129.09631,,1/31/16,193.31,30028.34,206.35,,193.31,16
628,176.81479,27845.924,127.99162,,2/1/16,191.42,29908.32,206.5,,191.42,17
629,177.43762,28140.139,128.62778,,2/2/16,191.51,29735.2,205.22,,191.51,18
630,180.26193,28624.895,129.48734,,2/3/16,188.24,29521.02,202.68,,188.24,19
631,172.15227,27589.07,125.18245,,2/4/16,164.61,25930.01,182.72,,164.61,20
632,186.78152,29337.44,130.61539,,2/5/16,192.71,30387.71,211.11,,192.71,21
633,187.8906,29256.926,134.8667,,2/6/16,189.42,29356.16,206.02,,189.42,22
634,181.21068,28962.455,136.75905,,2/7/16,185.2,29374.95,204.49,,185.2,23
635,142.85292,23705.693,115.38812,,2/8/16,184.82,29363.22,203.06,,184.82,24
636,121.379654,20333.637,101.57008,,2/9/16,185.72,29658.84,204.35,,185.72,25
637,166.92845,27719.5,138.28326,,2/10/16,183.41,28444.47,200.79,,190.834,1
638,220.7417,35752.73,190.34296,,2/11/16,185.9,28947.16,196.84,,212.68715,2
639,194.79478,29772.812,205.99207,,2/12/16,175.68,27231.56,197.57,,197.20793,3
640,206.91948,31991.564,207.54802,,2/13/16,170.59,26532.13,197.26,,180.5602,4
641,213.18263,32030.324,204.899,,2/14/16,173.8,27253.96,193.17,,187.30002,5
642,176.53967,26516.096,176.56924,,2/15/16,173.22,27034.65,192.48,,186.99773,6
643,163.47495,24144.043,166.87209,,2/16/16,171.35,26866.73,191.74,,185.1995,7
644,142.90076,20818.496,154.3643,,2/17/16,170.87,26654.52,189.7,,184.71571,8
645,136.25046,20529.307,147.68512,,2/18/16,167.79,26382.06,188.77,,182.10728,9
646,183.2727,27742.016,188.16443,,2/19/16,162.29,25519.91,192.58,,176.88623,10
647,217.61873,33268.48,227.42079,,2/20/16,168.55,26189.88,197.14,,175.45525,11
648,200.30467,30880.344,212.97331,,2/21/16,159.68,25382.73,197.57,,177.35437,12
649,178.77087,27553.373,193.06827,,2/22/16,162.76,26113.48,203.45,,174.12123,13
650,161.0871,25053.307,179.47864,,2/23/16,162.65,26015.73,205.48,,171.06462,14
651,151.18849,24696.736,174.15874,,2/24/16,162.13,25814.92,208.82,,169.22275,15
652,167.73799,27299.115,177.81027,,2/25/16,165.56,26223.75,213.06,,170.13174,16
653,196.49945,30736.232,195.16263,,2/26/16,179.97,29080.18,219.74,,170.09135,17
654,188.9985,29952.383,178.80286,,2/27/16,178.87,28968.81,220.24,,169.99411,18
655,168.94113,27018.86,150.31792,,2/28/16,180.97,29036.87,220.84,,170.38338,19
656,163.62538,25615.602,132.6673,,2/29/16,179.64,28865.92,237.63,,171.4766,20
657,163.0624,25414.004,126.72788,,3/1/16,182.78,28788.32,227.92,,172.10007,21
658,164.36841,25481.219,126.922035,,3/2/16,180.29,28449.25,227.65,,169.1906,22
659,169.05626,25986.01,127.33092,,3/3/16,178.3,28320.38,226.39,,163.76552,23
660,166.96594,25609.924,126.44987,,3/4/16,176.92,28059.28,224.44,,165.8623,24
661,165.06941,25150.611,128.1218,,3/5/16,174.4,27763.35,224.73,,169.87405,25
662,156.35045,23639.25,126.16161,,3/6/16,174.11,27608.22,224.21,,172.42836,26
663,155.51277,24936.129,121.57593,,3/7/16,172.3,27420.37,222.68,,170.98137,27
664,137.89812,22794.658,108.46734,,3/8/16,170.3,27218.49,221.04,,165.38689,28
665,148.83606,25811.584,125.81767,,3/9/16,168.07,26911.78,219.75,,166.29405,29
666,200.00488,32096.523,179.96959,,3/10/16,167.99,26642.75,218.91,,168.71257,30
667,209.77751,32173.764,207.12885,,3/11/16,165.85,26477.4,217.56,,169.75235,31
668,182.27615,28603.83,186.82423,,3/12/16,165.42,26425.78,230.4,,167.9776,32
669,152.80681,24597.902,169.17183,,3/13/16,159.53,25923.85,217.21,,166.71394,33
670,172.44589,27417.482,186.72717,,3/14/16,164.1,26248.43,221.89,,166.87029,34
671,200.09473,31901.188,209.28877,,3/15/16,162.72,26094.6,221.16,,166.99701,35
672,219.74553,34204.844,220.0696,,3/16/16,54.18,8754.39,82.5,,169.26956,36
673,211.87071,31074.58,207.53018,,3/17/16,156.06,25089.32,206.24,,163.41539,37
674,199.85144,28435.65,195.45511,,3/18/16,153.81,25124.11,218.06,,172.54428,38
675,203.3103,28385.432,195.59105,,3/19/16,152.37,25037.16,220.39,,176.35144,39
676,205.35533,29145.33,200.94048,,3/20/16,153.38,24908.8,219.77,,179.70526,40
677,199.04198,29084.604,204.84227,,3/21/16,151.71,24790.11,217.22,,178.42865,41
678,200.14925,29623.043,202.46706,,3/22/16,146.92,23738.98,215.56,,176.81479,42
679,200.29935,29945.73,208.41583,,3/23/16,145.88,23420.7,216,,177.43762,43
680,195.92828,29985.004,213.96393,,3/24/16,70.16,11378.09,103.36,,180.26193,44
681,179.38339,26653.814,203.85678,,4/7/16,262.93,42371.22,291.51,,172.15227,45
682,163.19653,23592.543,190.32738,,4/8/16,159.3,26283.73,283.72,,186.78152,46
683,177.2885,26908.432,200.59805,,4/9/16,155.46,25626.31,280.93,,187.8906,47
684,211.34032,31586.074,226.2202,,4/10/16,154.72,25249.25,278.24,,181.21068,48
685,217.9548,32342.678,233.95189,,4/11/16,151.31,25205.38,277.63,,142.85292,49
686,207.44252,30911.543,231.72725,,4/12/16,192.12,31949.86,276.03,,121.379654,50
687,207.0811,30859.227,234.3423,,4/13/16,191.67,31750.42,273.42,,166.92845,51
688,209.85225,30446.863,234.64626,,4/14/16,197.26,32212.36,223.75,,220.7417,52
689,207.52614,29570.924,225.76888,,4/15/16,191.65,31886.07,223.19,,191.65,
690,206.829,29249.145,218.31155,,4/16/16,202.75,39398.5,230.37,,202.75,
,,,,,4/17/16,210.09,39295.45,232.13,,210.09,
,,,,,4/18/16,179.86,32114.89,239.36,,179.86,
,,,,,4/19/16,214.77,35296.89,227.6,,214.77,
,,,,,4/20/16,207.79,35694.87,225.29,,207.79,
,,,,,4/21/16,201.24,31571.52,224.34,,201.24,
,,,,,4/22/16,190.69,28698.15,231.25,,190.69,
,,,,,4/23/16,198.88,31989.62,232.15,,198.88,
,,,,,4/24/16,193.93,31314.78,234.77,,193.93,
,,,,,4/25/16,198.76,31894.57,224.19,,198.76,
,,,,,4/26/16,202.97,32494.58,222.11,,202.97,
,,,,,4/27/16,200.13,32263.88,218.52,,200.13,
,,,,,4/28/16,202.28,31812.23,216.24,,202.28,
,,,,,4/29/16,141.77,22402.07,161.19,,141.77,
,,,,,4/30/16,141.66,22322.03,159.88,,141.66,
,,,,,5/1/16,87.09,14047.17,109.87,,87.09,
,,,,,5/4/16,108.01,17214.59,108.63,,108.01,
,,,,,5/5/16,148.14,23388.72,265.45,,148.14,
,,,,,5/6/16,177.49,27874.94,233.91,,177.49,
,,,,,5/7/16,176.84,28009.25,233.66,,176.84,
,,,,,5/8/16,176.4,27810.92,232.92,,176.4,
,,,,,5/9/16,174.12,27527.57,234.56,,174.12,
,,,,,5/10/16,172.06,27217.63,310.86,,172.06,
,,,,,5/11/16,171.49,27192.43,202.53,,171.49,
,,,,,5/12/16,170.06,27024.75,202.51,,194.79478,
,,,,,5/13/16,168.86,26821.6,202.59,,206.91948,
,,,,,5/14/16,167.37,26628.85,201.53,,213.18263,
,,,,,5/15/16,155.79,25129.74,188.98,,176.53967,
,,,,,5/16/16,168.64,19442.52,204.09,,163.47495,
,,,,,5/17/16,165.91,26569.95,200.62,,142.90076,
,,,,,5/18/16,165.01,26516.28,199.79,,136.25046,
,,,,,5/19/16,163.48,26339.57,199.11,,183.2727,
,,,,,5/20/16,163.26,25960.96,198.82,,217.61873,
,,,,,5/21/16,160.94,25537.95,201.22,,200.30467,
,,,,,5/22/16,161.68,25750.14,204.89,,178.77087,
,,,,,5/23/16,162.49,25901.31,205.52,,161.0871,
,,,,,5/24/16,163.66,26076.45,205.16,,151.18849,
,,,,,5/25/16,164.35,26083.86,204.12,,167.73799,
,,,,,5/26/16,164.39,26097.05,204.39,,196.49945,
,,,,,5/27/16,162.82,25919.77,204.11,,188.9985,
,,,,,5/28/16,163.38,26026.62,205.49,,168.94113,
,,,,,5/29/16,161.83,25934.14,205.86,,163.62538,
,,,,,5/30/16,161.31,25583.62,204.52,,163.0624,
,,,,,5/31/16,192.14,30564.26,238.42,,164.36841,
,,,,,6/1/16,192.48,30243.26,237.7,,169.05626,
,,,,,6/2/16,190.97,30467.27,239.64,,166.96594,
,,,,,6/3/16,135.1,21684.68,175.03,,165.06941,
,,,,,6/8/16,65.83,10745.62,91.41,,156.35045,
,,,,,6/9/16,107.03,17383.62,200.55,,155.51277,
,,,,,6/10/16,83.58,13739.45,182.36,,137.89812,
,,,,,6/11/16,83.98,13585.56,179.48,,148.83606,
,,,,,6/12/16,80.03,12890.26,169.71,,200.00488,
,,,,,6/13/16,83.81,13595.76,180.01,,209.77751,
,,,,,6/14/16,84.23,13562.34,180.24,,182.27615,
,,,,,6/15/16,128.62,20749.72,260.39,,152.80681,
,,,,,6/16/16,129.65,20860.91,262.1,,172.44589,
,,,,,6/17/16,159.82,25464.08,235.71,,200.09473,
,,,,,6/18/16,160.05,25607.5,235.15,,219.74553,
,,,,,6/19/16,160.21,25565.37,236.1,,211.87071,
,,,,,6/20/16,160.56,25573.69,235.65,,199.85144,
,,,,,6/21/16,160.07,25545.26,236.76,,203.3103,
,,,,,6/22/16,159.71,25549.22,236.82,,205.35533,
,,,,,6/23/16,123.52,19815.8,205.12,,199.04198,
,,,,,6/24/16,146.47,23380.46,203.02,,200.14925,
,,,,,6/25/16,145.33,23287.31,203.08,,200.29935,
,,,,,6/26/16,145.73,23381.3,203.24,,195.92828,
,,,,,6/27/16,143.68,23046.92,202.65,,179.38339,
,,,,,6/28/16,144.8,23286.39,202.45,,163.19653,
,,,,,6/29/16,144.95,23303.2,202.86,,177.2885,
,,,,,6/30/16,143.7,23221.02,203.27,,211.34032,
,,,,,7/1/16,145.84,23203.68,203.02,,217.9548,
,,,,,7/2/16,144.01,23201.35,203.93,,207.44252,
,,,,,7/3/16,145.22,23068.07,202.93,,207.0811,
,,,,,7/4/16,142.74,23059.68,203.84,,209.85225,
,,,,,7/5/16,144.46,23090.47,202.76,,207.52614,
,,,,,7/6/16,106.3,17537.08,155.7,,206.829,