,DATEPRD,ON_STREAM_HRS,AVG_DOWNHOLE_PRESSURE,AVG_DOWNHOLE_TEMPERATURE,AVG_DP_TUBING,AVG_CHOKE_SIZE_P,DP_CHOKE_SIZE,AVG_WHP_P,AVG_WHT_P,BORE_OIL_VOL,BORE_GAS_VOL,BORE_WAT_VOL
15,2014-04-22,24.0,289.42136166666666,106.35320895833334,182.059311875,43.34345125,78.93540895833333,107.36204979166666,37.93925125,631.47,90439.09,10.0
16,2014-04-23,24.0,270.23979291666666,107.64377895833333,171.05278208333334,47.167523125,70.627109375,99.18701083333333,60.756579375,1166.46,165720.39,10.0
17,2014-04-24,24.0,262.8427475,107.86923416666667,168.24197729166667,47.73231020833333,66.049150625,94.60077020833333,63.046799791666665,1549.81,221707.31,10.0
18,2014-04-25,24.0,255.52699520833335,107.97113708333333,165.538903125,48.53376875,61.40538625,89.98809208333333,64.54722916666667,1248.7,178063.52,10.0
19,2014-04-26,24.0,247.19905208333333,108.05203020833333,162.42224166666668,49.844502291666664,56.14790645833333,84.77681041666666,65.72369375,1345.78,192602.19,10.0
20,2014-04-27,24.0,240.736416875,108.05380395833333,159.89901979166666,50.296981875,52.20174708333333,80.83739708333333,66.93373229166667,1349.56,194496.27,10.0
21,2014-04-28,24.0,235.02093145833334,108.04163645833333,157.68322,50.735878541666665,48.707583541666665,77.33771145833333,67.84834791666667,1345.61,192899.71,10.0
22,2014-04-29,24.0,232.74371041666666,107.987806875,156.794893125,50.11391979166667,47.375714583333334,75.94881729166667,65.70691916666667,1279.46,184900.31,10.0
23,2014-04-30,24.0,233.29777791666666,107.89323895833333,157.179385,48.92679020833334,47.61060354166667,76.11839291666666,62.795643958333336,1225.62,177107.86,10.0
24,2014-05-01,24.0,231.0888975,107.87692229166667,156.39897770833332,48.93862895833333,46.195843333333336,74.68991979166667,62.376834375,1212.9,174608.88,10.0
25,2014-05-02,24.0,231.41900520833335,107.81687916666667,156.69023791666666,48.303704583333335,46.15029979166667,74.72876729166667,60.747315625,1074.04,154870.67,10.0
26,2014-05-03,24.0,230.76554520833332,107.79546708333334,156.60596666666666,48.17349875,45.73272291666667,74.15957854166666,60.627934375,1044.17,147929.93,10.0
27,2014-05-04,24.0,230.595831875,107.76431541666666,156.687604375,47.466087916666666,45.491345,73.9082275,58.279021666666665,970.2,139378.45,10.0
28,2014-05-05,24.0,229.423676875,107.77973166666666,156.42926291666666,47.84001958333333,44.54851,72.99441395833334,54.9047225,946.12,136980.49,10.0
29,2014-05-06,24.0,225.9024775,107.86022020833333,154.95086020833332,49.00558229166667,42.44995395833333,70.95161729166666,58.882811458333336,1002.83,144950.15,10.0
30,2014-05-07,24.0,225.76834875,107.83816541666667,155.05853583333334,47.920399583333335,42.048938541666665,70.70981291666666,57.42564229166667,925.31,135000.24,10.0
31,2014-05-08,24.0,225.68692270833333,107.821048125,155.14190229166667,47.296947708333335,41.15918895833333,70.54502041666667,57.655958125,913.86,127564.51,10.0
32,2014-05-09,13.83334,227.79783849312602,107.5994551584939,156.85221704868093,29.13358708333333,41.74523020964568,70.94562144444508,55.95530239297234,176.8,24322.7,10.0
33,2014-05-10,24.0,226.06091479166668,107.68369,155.16497145833333,48.13438479166667,41.90457979166667,70.89594333333334,57.37377854166667,944.19,52162.58,10.0
34,2014-05-11,24.0,225.09668541666667,107.836451875,155.16161875,47.49388729166667,41.48348958333333,69.93506666666667,58.024333541666664,823.41,117731.72,10.0
35,2014-05-12,24.0,226.02269270833332,107.77166645833333,155.79650583333333,46.93359,41.80654479166667,70.226186875,56.88541625,769.01,111238.01,10.0
36,2014-05-13,24.0,226.90499510638298,107.71747319148936,156.57676718971632,46.335198958333336,41.925575,70.32822791666666,54.25530875,740.8,107144.4,10.0
37,2014-05-14,24.0,225.57624978723405,107.74143479166666,156.2037677039007,45.162089583333334,40.98107625,69.37248208333334,54.99535708333333,713.24,102880.55,10.0
38,2014-05-15,24.0,225.89259895833334,107.70935872340425,156.82564125,46.31644395833333,40.65059895833333,69.06695770833333,48.59812458333333,743.83,106745.44,10.0
39,2014-05-16,24.0,225.70079787234042,107.71023416666667,157.10794391400708,46.34614208333333,40.13814,68.59285395833334,48.37775479166667,736.09,104864.02,10.0
40,2014-05-17,24.0,223.60251041666666,107.77769229166667,156.346404375,47.08721125,38.839852083333334,67.25610604166667,53.92077354166667,782.88,110078.32,10.0
41,2014-05-18,24.0,220.10196229166667,107.88902957446808,154.69510125,47.769806875,36.990086875,65.40686104166667,53.83151333333333,834.68,117387.58,10.0
42,2014-05-19,24.0,220.49043893617022,107.86042291666666,155.1761033111702,47.13594875,36.90605083333333,65.314335625,55.75360791666667,788.8,109517.37,10.0
43,2014-05-20,24.0,220.153866875,107.85864833333333,155.23751041666668,47.14246875,36.50938479166667,64.91635645833334,55.628124375,783.06,109362.2,10.0
44,2014-05-21,24.0,220.06589395833333,107.851481875,155.37458229166666,46.524590833333335,36.280858125,64.69131166666666,52.236396666666664,743.77,104993.12,10.0
45,2014-05-22,24.0,219.982621875,107.8523675,155.54675833333334,46.2889975,36.01890375,64.43586354166666,53.66113229166667,735.41,107115.77,10.0
46,2014-05-23,24.0,219.86292604166667,107.86721854166667,155.572074375,46.284226875,35.873076875,64.29085166666667,49.05298020833333,742.89,108079.03,103.31
47,2014-05-24,24.0,219.922990625,107.88298,155.75273854166667,46.24215791666666,35.750709791666665,64.17025208333334,54.6906875,746.54,108387.02,100.42
48,2014-05-25,24.0,219.9771025,107.90278770833334,155.90444416666668,46.261677291666665,35.671312916666665,64.07265833333334,55.231164375,750.57,105809.71,101.01
49,2014-05-26,24.0,219.97377531914893,107.92071145833333,156.04339469414893,46.26510666666667,35.528916875,63.930380625,55.102527916666666,727.26,106514.13,96.62
50,2014-05-27,24.0,219.98047520833333,107.93646229166667,156.24326083333332,46.226333333333336,35.33483833333333,63.737214375,55.311219375,715.5,105800.29,101.08
51,2014-05-28,24.0,219.26666729166666,107.44471020833333,155.71557541666667,46.215003125,35.155495208333335,63.551091875,55.508233125,695.01,102249.56,86.96
52,2014-05-29,24.0,220.00718041666667,107.96204104166667,156.54946291666667,46.21505770833333,35.05228625,63.4577175,56.170836875,698.77,102823.5,87.13
53,2014-05-30,24.0,220.00026020833334,107.97361333333333,156.66496541666666,46.231572291666666,34.923878333333334,63.33529479166667,55.851693125,704.08,103977.99,87.96
54,2014-05-31,24.0,219.99351354166666,107.985045625,156.78348708333334,46.2074025,34.79286458333333,63.21002645833333,55.59603083333333,715.93,105761.32,88.99
55,2014-06-01,24.0,220.00573708333334,107.99384645833334,156.8641125,46.264785,34.72635520833333,63.14162458333333,55.963499375,724.21,107035.76,90.08
56,2014-06-02,22.0,221.3284255119818,107.82458002092727,157.53832177425,41.71340020833333,35.35194577638182,63.79010373773182,50.77397000734091,459.83,68263.31,56.21
57,2014-06-03,24.0,220.24048708333333,107.964823125,157.86784375,46.19318770833333,33.94682958333333,62.372643333333336,53.04666854166667,715.1,104865.93,90.7
58,2014-06-04,24.0,221.267634375,107.96092625,159.45106520833335,46.157305208333334,33.38708375,61.81656916666667,53.73631604166667,706.8,104234.1,89.73
59,2014-06-05,24.0,221.044650195642,107.97263406134603,158.75822307562981,47.04156520833333,33.84168292885635,62.286427120012185,54.244612314888435,677.29,99517.49,100.57
60,2014-06-06,24.0,220.74979458333334,107.986805625,157.67422541666667,47.202699375,34.64576291666667,63.07556916666667,56.53423395833333,690.38,99850.49,102.18
61,2014-06-07,24.0,220.64014083333333,107.99410875,157.27830479166667,47.19410729166667,34.93372958333333,63.36183604166666,56.61542145833333,694.3,100306.26,102.07
62,2014-06-08,24.0,220.50405041666667,108.0027125,157.18459354166666,47.152024375,34.891520625,63.319456875,52.051159375,690.7,99959.04,101.25
63,2014-06-09,19.5,221.45051448717948,107.75725956410257,159.1132395,38.978911458333336,34.670299666666665,62.337274987179484,53.55922412820513,238.45,34915.85,38.15
64,2014-06-10,24.0,220.85169229166667,107.99075354166666,158.07450145833334,46.512532291666666,34.351681875,62.777190833333336,54.486153333333334,647.11,95262.3,94.88
65,2014-06-11,24.0,218.41471229166666,108.06527416666667,156.68516375,47.815207916666665,33.31382708333334,61.72954854166667,54.295347291666666,745.92,108793.22,104.23
66,2014-06-12,24.0,215.49685895833332,108.13936083333333,155.55921520833334,48.72777375,31.529283333333332,59.93764375,61.561027083333336,804.85,116554.82,101.88
67,2014-06-13,24.0,214.823228125,108.13519916666667,154.68515791666667,48.263916875,31.739437916666667,60.13807020833333,62.32717875,818.89,120308.03,66.75
68,2014-06-14,24.0,215.83254083333333,108.104783125,155.59778541666665,48.00591375,31.83577875,60.234755416666665,59.584406875,781.21,115374.09,64.32
69,2014-06-15,24.0,214.877320625,108.11380416666667,154.95770833333333,48.04032458333333,31.544266458333333,59.91961229166667,60.77416125,786.16,116058.03,64.55
70,2014-06-16,24.0,215.38082170212766,108.08764729166667,155.33310524379434,47.74037104166667,31.67064,60.04771645833333,59.444948125,757.43,111152.61,61.84
71,2014-06-17,24.0,216.11873333333332,108.067196875,155.97842479166667,47.62397166666667,31.763173958333333,60.14030854166667,58.607166666666664,726.5,107050.89,60.67
72,2014-06-18,24.0,215.98383375,108.06562833333334,156.19699666666668,47.639864583333335,31.399544375,59.78683708333333,58.66236833333333,723.96,106456.63,61.3
73,2014-06-19,24.0,215.818061875,108.06648270833334,156.37844083333334,47.60717375,31.0531575,59.43962104166667,57.54992875,715.28,105827.77,62.96
74,2014-06-20,24.0,215.57881625,108.07265958333333,156.48818166666666,47.585172916666664,30.703629375,59.09063458333333,58.445866875,710.62,104860.95,60.87
75,2014-06-21,24.0,215.30386958333332,108.07888145833333,156.59927333333334,47.61119583333333,30.313028125,58.70459625,58.70271770833333,708.04,104155.82,60.48
76,2014-06-22,24.0,214.949325,108.08456916666667,156.71347770833333,47.619820833333335,29.846284166666667,58.235847291666666,58.418325833333334,702.73,102417.8,61.7
77,2014-06-23,24.0,214.85795,108.08680083333333,157.393641875,47.659732291666664,28.779579375,57.464308125,57.882807291666666,695.74,102284.59,61.69
78,2014-06-24,24.0,214.89729020833335,108.07987125,157.98934020833335,47.6279225,28.519126875,56.90795,57.349905416666665,658.27,96651.98,104.65
79,2014-06-25,24.0,214.82190723404256,108.08357765957447,157.94656285904256,46.567545,28.4768975,56.875344375,58.00721583333333,576.35,85082.22,89.35
80,2014-06-26,16.58333,219.55899298132522,107.44735424631241,158.58117644543043,44.0,35.122920913290635,60.97781653589478,49.15179838775445,369.83,55419.55,61.46
81,2014-06-27,23.83333,217.25173717366394,107.63490568517282,162.7894177693843,44.37510354166667,26.031601158835127,54.46231940427964,50.51060779353536,418.45,63214.18,69.2
82,2014-06-28,24.0,215.09275833333334,108.07768,160.76595083333333,47.05341229166667,25.902731458333335,54.3268075,55.68809958333333,588.96,88192.51,101.66
83,2014-06-29,24.0,215.258875,108.09929489361703,160.19683020833332,46.83165625,26.645965416666666,55.062044791666665,55.970378125,571.88,85616.39,91.73
84,2014-06-30,24.0,215.35081520833333,108.107908125,160.21150020833332,45.827834583333335,26.72682125,55.139315,56.00588,512.52,76979.08,81.37
85,2014-07-01,24.0,215.38468833333334,108.11446104166667,160.41724583333334,46.78695666666667,26.55513,54.9674425,56.254037708333335,563.26,84307.54,88.69
86,2014-07-02,24.0,215.40707854166666,108.11909520833333,160.598766875,46.799730833333335,26.38999625,54.80831166666667,51.65249875,564.26,84364.91,88.72
87,2014-07-03,24.0,215.33240229166665,108.12402520833334,160.78178666666668,46.80368645833333,26.13235,54.550615625,50.82098125,565.09,84351.11,88.88
88,2014-07-04,24.0,215.21147125,108.129059375,161.10066208333333,46.84702458333334,25.676259166666668,54.11080916666667,51.418441875,563.73,84183.26,89.55
89,2014-07-05,24.0,215.11890875,108.13237,161.48407,46.85599229166667,25.20113875,53.63483875,54.23162875,563.46,83869.61,89.95
90,2014-07-06,24.0,215.0673625,108.13437916666666,161.97297583333332,46.8647225,24.65926375,53.094386666666665,56.63623354166667,563.38,83853.8,90.3
91,2014-07-07,24.0,215.07005708333332,108.13567,162.40674958333332,46.824565625,24.2335,52.6633075,54.966429375,522.0,77846.76,154.47
92,2014-07-08,24.0,215.047056875,108.13860020833333,163.02299916666666,46.803720416666664,23.586095833333335,52.02405770833333,57.485014791666664,523.33,77885.2,247.1
93,2014-07-09,24.0,215.13584104166668,108.14017083333333,163.88908729166667,46.80707625,22.798340208333332,51.24675375,56.122917916666665,521.97,77858.58,247.09
94,2014-07-10,24.0,215.165233125,108.14286208333333,164.23292125,46.79164125,22.479929791666667,50.932311875,57.48888791666667,490.49,73240.81,212.89
95,2014-07-11,24.0,215.18770520833334,108.14442125,164.69582291666666,46.78772979166666,22.037508541666668,50.49188229166667,56.119412708333336,491.71,72894.63,253.18
96,2014-07-12,24.0,215.46357625,108.14204229166667,165.92741708333332,46.859409791666664,21.080241666666666,49.536159166666664,56.63337875,488.44,72637.03,203.87
97,2014-07-13,24.0,215.75903729166666,108.134254375,166.74310729166666,46.800471875,20.539875208333335,49.01593,57.20372041666667,481.59,71515.34,199.79
98,2014-07-14,24.0,215.97684375,108.12051979166667,167.41170708333334,47.002657291666665,20.10156125,48.56513666666667,56.77503229166667,492.02,73095.92,215.32
99,2014-07-15,24.0,215.05076083333333,108.14456916666667,166.18858895833333,47.88535770833333,20.379876875,48.862171875,56.39544583333333,476.08,70443.1,246.8
100,2014-07-16,24.0,214.82744666666667,108.14955,166.34190645833334,47.76055458333333,20.016264791666668,48.48554020833333,56.41817270833333,466.34,69327.14,243.78
101,2014-07-17,24.0,214.76105791666666,108.15141541666667,166.58482583333333,47.713503958333334,19.70736875,48.17623208333333,55.02667833333334,463.64,68816.51,241.88
102,2014-07-18,24.0,214.92327895833333,108.147955625,167.47418229166666,47.695167291666664,19.009266458333332,47.44909666666667,58.93711104166667,459.37,68361.17,240.96
103,2014-07-19,24.0,215.03451333333334,108.14724333333334,167.63869291666666,47.686235,18.922445833333335,47.395820416666666,58.306706875,458.09,68466.24,240.67
104,2014-07-20,22.41666,216.04491832856903,108.02094227063711,168.82707762488258,43.933952291666664,18.539169488871224,47.217840703686456,55.548099895086956,290.87,44919.06,139.31
105,2014-07-21,24.0,215.11191583333334,108.142285,170.29972791666665,47.97656,16.28781875,44.812187916666666,56.696215625,487.33,72965.95,255.69
106,2014-07-22,24.0,215.06211645833332,108.17622895833334,168.71596854166665,47.700909583333335,17.86825,46.346147916666666,58.75582166666667,468.63,69274.03,242.24
107,2014-07-23,24.0,215.20504229166667,108.18169791666666,169.04784541666666,47.718328541666665,17.68069,46.157196875,58.98481395833333,465.25,69890.63,239.87
108,2014-07-24,24.0,215.37842395833334,108.18226645833333,169.28101479166668,47.633364791666665,17.614390208333333,46.097409166666665,59.719150625,466.58,69742.96,232.45
109,2014-07-25,24.0,215.5264675,108.18259291666666,169.77094645833333,47.65598479166667,17.268634791666667,45.75552104166667,59.46733520833333,464.22,69237.42,233.39
110,2014-07-26,24.0,215.61353270833334,108.183284375,170.11225,47.609579583333336,17.04690666666667,45.501282708333335,60.03879375,458.9,68830.6,251.5
111,2014-07-27,24.0,215.84410458333332,108.182708125,170.95729833333334,47.59103270833333,16.437135625,44.88680625,58.891433125,460.83,68637.71,260.12
112,2014-07-28,24.0,216.08671333333334,108.18264020833334,171.44501375,47.60245354166667,16.195364583333333,44.641699583333335,59.25229625,457.95,68330.74,245.26
113,2014-07-29,24.0,215.96572375,108.191258125,171.36745208333335,48.1316,16.150985208333335,44.59827166666667,56.663951875,481.51,71884.8,258.75
114,2014-07-30,24.0,214.62624645833333,108.23273916666666,169.63605541666666,48.716769166666666,16.521602291666667,44.99019104166667,57.164944375,489.43,72278.48,243.17
115,2014-07-31,24.0,215.092216875,108.21981333333333,171.84478916666666,48.717893125,14.724694583333333,43.24742770833333,58.959274791666665,375.93,56054.71,218.34
116,2014-08-01,24.0,215.02680083333334,108.22088375,171.35553333333334,48.721320625,15.149589375,43.6712675,59.04387666666667,378.38,56399.27,218.27
117,2014-08-02,24.0,215.15461583333334,108.2167,172.01562916666666,48.704525,14.60492125,43.13898666666667,58.062896875,379.41,56289.52,217.93
118,2014-08-03,24.0,215.1299525,108.21664916666667,171.87886208333333,48.69856083333333,14.743590625,43.25109041666666,57.608462083333336,377.42,56568.78,212.92
119,2014-08-04,24.0,212.89510270833333,108.26196583333333,168.85866416666667,49.53813770833333,15.51763875,44.03643854166667,56.58262104166667,417.98,61912.18,228.26
120,2014-08-05,24.0,210.16669395833333,108.32515333333333,166.75778916666667,49.63278125,14.91257,43.408904791666664,63.582511875,507.75,75078.33,262.22
121,2014-08-06,24.0,209.822861875,108.32050770833334,167.205560625,49.59429395833333,14.107544791666667,42.61730125,62.68489354166667,469.73,69712.66,252.81
122,2014-08-07,24.0,210.09380645833335,108.30718638297873,169.04300229166665,50.194875,12.535359375,41.050804166666666,60.702031875,521.26,77390.65,293.66
123,2014-08-08,24.0,210.18405208333334,108.29701354166667,169.81861333333333,50.21089125,11.8383425,40.36543875,62.56045770833333,518.32,76994.95,297.2
124,2014-08-09,24.0,210.54521979166665,108.283063125,170.39707145833333,49.946295416666665,11.605805625,40.14814833333333,58.139879791666665,493.37,73656.88,289.96
125,2014-08-10,24.0,210.63094708333333,108.28098729166666,170.85841791666667,50.239226875,11.218987291666666,39.772529166666665,56.230880416666665,509.21,76002.49,303.18
126,2014-08-11,24.0,213.44830479166666,108.17050020833334,176.09832521719858,49.43711270833333,8.751239157801418,37.34997957446809,50.72395541666667,351.8,52975.29,240.5
127,2014-08-12,24.0,215.50558666666666,108.13843708333333,178.41154770833333,48.82824395833333,8.481566666666666,37.094038958333336,44.267469375,287.03,44830.19,240.33
128,2014-08-13,24.0,215.89499104166666,108.15935625,178.0034325,48.57821125,9.290505625,37.89155854166667,50.890079166666666,278.58,44300.38,235.04
129,2014-08-14,24.0,215.85510708333334,108.188661875,177.02265666666668,48.498236041666665,10.254388958333333,38.83245041666667,56.830907708333335,297.19,47071.12,248.98
130,2014-08-15,24.0,215.776775,108.20372145833333,176.23341625,48.471804375,10.978174166666667,39.54335875,57.329050625,297.33,46462.15,247.88
131,2014-08-16,24.0,216.00179125,108.20238416666666,176.63536125,48.479274583333336,10.795766458333333,39.36643,52.84613395833333,296.2,44219.4,246.54
132,2014-08-17,24.0,216.01608520833332,108.21058979166666,176.17745625,48.47285604166667,11.25882875,39.83862895833333,53.757828125,296.12,44243.43,247.16
133,2014-08-18,24.0,216.08165916666667,108.21504041666667,176.08040354166667,48.446861041666665,11.42737125,40.001255625,57.06408604166667,293.35,44083.13,246.91
149,2014-09-03,19.16667,248.0242617393423,106.95313219081353,205.83439781770647,40.66990729166667,13.35192774208561,42.18986392163584,46.48999862665763,103.77,16925.68,84.34
150,2014-09-04,24.0,237.28709895833333,107.36995416666667,208.79973104166666,61.08915979166667,2.371129375,28.487367916666667,53.783462291666666,290.3,46375.59,537.45
151,2014-09-05,24.0,223.51004,108.490055625,184.58971541666668,53.051124791666666,10.308105625,38.92032458333333,66.291793125,427.63,69487.31,343.53
152,2014-09-06,24.0,225.25121020833333,108.44315875,181.58750125,49.88744208333333,15.083549583333333,43.66370895833333,64.88764104166667,422.69,68818.15,341.93
153,2014-09-07,24.0,225.93842604166667,108.42755041666666,181.001674375,49.63412854166667,16.367745833333334,44.936751666666666,60.685872708333335,412.14,67226.27,336.66
154,2014-09-08,24.0,224.92908854166666,108.43450255319149,179.58043145833332,49.466828125,16.791042291666667,45.348657083333336,62.909975625,410.96,66847.2,336.99
155,2014-09-09,24.0,224.67618208333334,108.40755958333334,179.13673666666668,49.47163729166667,16.99311625,45.539445416666666,61.99288875,409.11,66355.28,333.87
156,2014-09-10,24.0,224.65433291666668,108.38794145833333,179.21602604166668,48.697325,16.897661666666668,45.438306875,62.49474020833333,389.68,63293.2,315.24
157,2014-09-11,24.0,225.9611525,108.33889041666667,180.898486875,48.65349166666667,16.515696458333334,45.062665625,57.542660625,380.29,60994.93,327.07
158,2014-09-12,24.0,225.60941645833333,108.32885604166667,180.72737833333332,48.61656083333333,16.341968125,44.882038125,56.71266479166667,391.22,57081.97,324.73
159,2014-09-13,24.0,225.299678125,108.31952291666667,180.79779770833332,48.64684104166667,15.958547916666667,44.501880416666665,58.730591875,391.65,57123.13,328.6
160,2014-09-14,24.0,225.14861,108.31536645833333,181.19154541666666,48.62197604166667,15.41355625,43.957064583333334,60.817141041666666,384.47,56615.33,322.53
161,2014-09-15,24.0,224.942829375,108.30823083333334,181.29603854166666,48.62278125,15.093220416666666,43.646790833333334,59.244742083333335,342.35,50991.05,291.45
162,2014-09-16,24.0,224.80511,108.30123958333333,181.51328708333332,48.6273175,14.624452708333333,43.29182291666667,58.169179375,338.88,50946.9,291.36
163,2014-09-17,24.0,224.62491770833333,108.29750041666667,181.71415229166666,48.64232,14.3231175,42.91076541666666,58.46444770833333,344.5,51928.13,297.38
164,2014-09-18,24.0,224.54902,108.29035375,181.97209479166668,48.644703125,14.005613541666667,42.576925208333336,58.85833708333333,333.55,49757.91,304.7
165,2014-09-19,24.0,224.5589059574468,108.28249893617021,182.30164212765956,48.6,13.685098510638298,42.257263829787234,59.272996382978725,329.6,49601.74,302.29
166,2014-09-20,24.0,221.86346729166667,108.33120979166667,179.487441875,49.14886479166667,13.811587083333333,42.376025416666664,60.52504666666667,358.2,53618.2,320.36
167,2014-09-21,24.0,219.55453791666667,108.39116659574468,177.66901375,49.4,13.336862890070922,41.88552416666667,61.65104125,377.72,56786.58,332.75
168,2014-09-22,24.0,219.88835659574468,108.36190489361702,178.45247276595745,49.3,12.880312765957447,41.43588382978724,61.076911276595744,356.65,53587.32,331.96
169,2014-09-23,24.0,219.71536958333334,108.35361645833333,178.64348,49.18709416666667,12.504548333333334,41.07188958333333,58.68430625,354.31,53315.98,327.97
170,2014-09-24,24.0,219.83302125,108.345740625,179.376233125,49.163099375,11.879364791666667,40.456788125,58.96465583333333,338.53,51384.99,318.34
171,2014-09-25,24.0,220.00881416666667,108.33505416666667,179.9979225,49.129502708333334,11.420707291666666,40.010891666666666,55.704954375,324.9,49352.26,323.5
172,2014-09-26,24.0,219.96705833333334,108.330586875,180.19379645833334,49.138491875,11.186131041666666,39.773261875,54.60610020833333,324.95,49388.31,321.98
173,2014-09-27,24.0,219.89681291666668,108.32743083333334,180.22877729166666,49.132468125,11.087791041666666,39.668035625,53.283423125,322.07,49245.8,322.83
174,2014-09-28,23.09167,220.042380738119,108.32097461963556,180.6680863520222,49.013996041666665,10.846289529904073,39.37429438609681,53.80521403297813,308.31,47050.78,307.78
177,2014-10-01,24.0,226.03247879835865,107.48051644230499,217.9567857683223,53.67234583333333,2.636929043276557,8.075693030036353,52.412518176682546,55.2,8962.05,142.03
178,2014-10-02,24.0,211.872953125,108.50217791666667,180.97877958333333,58.427841666666666,4.5078120833333335,30.894173541666667,58.72326041666667,199.07,31730.64,308.22
179,2014-10-03,24.0,221.13489208333334,108.40385125,186.135895625,51.874701458333334,5.624685625,34.99899645833333,51.46098083333333,275.22,43000.78,454.65
180,2014-10-04,24.0,219.880265,108.43157354166667,183.16858958333333,50.89765583333333,8.099011041666667,36.711675416666665,57.5794,287.64,44101.37,459.8
181,2014-10-05,24.0,219.47436208333335,108.43779833333333,181.85077541666666,50.54632395833333,8.980132083333332,37.62358666666667,57.280016458333336,323.18,49500.61,352.61
182,2014-10-06,24.0,220.90165854166668,108.3987625,183.04130895833333,50.20831770833333,9.253898541666667,37.86034958333333,57.764673125,315.32,48232.88,344.36
183,2014-10-07,24.0,220.65349854166666,108.40241333333333,182.43708,50.43001520833333,9.604592916666666,38.21641854166667,55.11826375,322.31,48180.54,335.27
184,2014-10-08,24.0,220.66882520833335,108.39618458333334,182.38521104166668,50.49317979166667,9.666686875,38.283614166666666,53.30245854166667,320.34,49975.21,345.3
185,2014-10-09,24.0,220.46748604166666,108.395850625,182.13855916666665,50.453150625,9.703415833333333,38.328926875,53.200375,325.92,50479.21,343.83
186,2014-10-10,24.0,220.17773166666666,108.39368659574468,181.79826916666667,50.409700208333334,9.76957,38.3794625,53.766379791666665,329.2,50894.03,327.28
187,2014-10-11,24.0,220.15625645833333,108.38842458333333,181.93129104166667,50.3959,9.624984375,38.22496541666667,52.71461229166667,325.01,50157.65,326.37
188,2014-10-12,24.0,220.145434375,108.38225041666666,182.06691145833332,50.377678958333334,9.478541041666666,38.078522916666664,56.232058333333335,323.37,49865.05,325.88
189,2014-10-13,24.0,220.325186875,108.37343895833334,182.512313125,50.36086604166667,9.214866458333333,37.81287375,60.76198041666667,320.68,49604.0,335.92
190,2014-10-14,24.0,220.43913479166667,108.36658125,182.78974541666668,50.363024375,9.04979875,37.649389375,60.44961020833333,320.41,49571.91,337.83
191,2014-10-15,24.0,220.219323125,108.36782541666666,182.55331541666666,50.467119375,9.063642708333333,37.66600770833333,60.61770416666667,322.67,49750.14,335.65
192,2014-10-16,24.0,220.01191833333334,108.37099416666666,182.427516875,50.563285416666666,8.978537708333333,37.58440145833333,59.252352083333335,322.4,49652.61,331.77
193,2014-10-17,24.0,220.21267729166667,108.36285395833333,182.85216916666667,50.558733958333335,8.755220833333333,37.360508125,59.51860270833333,321.25,49635.23,330.51
194,2014-10-18,24.0,220.225365625,108.36012604166666,182.90962354166666,50.47798458333333,8.70129375,37.31574208333333,54.29432395833334,321.22,49749.37,328.68
195,2014-10-19,24.0,220.22303854166665,108.35791916666666,183.09045375,50.519794583333336,8.507578125,37.132584791666666,50.16953375,323.37,50070.67,328.82
196,2014-10-20,24.0,220.72144604166667,108.34705958333333,184.3632725,50.863903125,7.728787916666667,36.358173541666666,56.08667270833333,326.54,50700.18,334.76
197,2014-10-21,24.0,220.41199520833334,108.35143020833333,183.59189541666666,50.91154375,8.182811666666666,36.820099791666664,55.688217083333335,316.21,48561.88,329.9
198,2014-10-22,24.0,220.62353770833334,108.34481708333334,183.94441916666668,50.849293333333335,8.0593325,36.67911854166667,55.688135625,314.23,48495.35,335.34
199,2014-10-23,24.0,220.617973125,108.34410875,183.88779833333334,50.818976875,8.109852916666666,36.73017479166667,49.98769,313.92,48623.42,329.6
200,2014-10-24,24.0,220.74459979166667,108.34080729166666,184.09443,50.7731125,8.026845416666667,36.65016979166667,50.370228125,314.24,48608.64,332.0
201,2014-10-25,24.0,220.862453125,108.33805958333333,184.27335041666666,50.78375583333333,7.958775416666667,36.589102708333336,48.383965833333335,317.47,49209.26,333.76
202,2014-10-26,25.0,220.9579696,108.3358496,184.403695,50.8003956,7.917633,36.5542746,47.2878134,333.14,51384.55,336.05
203,2014-10-27,24.0,219.96368895833334,108.36025895833333,182.96693979166668,50.77880020833334,8.444459791666667,36.99674916666667,53.30348125,318.2,49190.87,332.65
204,2014-10-28,24.0,219.961045625,108.364104375,183.295253125,50.498065,8.208829583333333,36.6657925,53.39363645833333,315.14,48598.96,325.35
205,2014-10-29,24.0,220.717868125,108.34513145833333,184.64122666666665,50.498615,7.609122916666666,36.076641458333334,59.315310833333335,304.36,46729.01,320.2
206,2014-10-30,24.0,221.11960354166666,108.33341708333333,185.2518825,51.03952375,7.245215833333333,35.86772104166667,57.79628208333333,318.25,48777.45,330.73
207,2014-10-31,24.0,219.49491854166666,108.3718944680851,182.653271875,51.309790625,8.233908958333334,36.84164666666667,58.456375,322.58,50070.47,329.75
208,2014-11-01,24.0,219.78469291666667,108.36247833333333,183.32944708333332,50.91824458333333,7.83321,36.455245833333336,51.983535208333336,316.54,49047.96,323.66
209,2014-11-02,24.0,220.06557541666666,108.35317723404255,183.840129375,50.90593520833333,7.587975833333333,36.225446041666665,50.97238791666667,321.29,49771.51,329.74
210,2014-11-03,24.0,220.343435,108.34458291666667,184.31538604166667,50.93084979166667,7.379769166666667,36.028048958333336,54.662125625,295.17,45685.5,328.45
211,2014-11-04,24.0,220.48659291666667,108.340543125,184.59446666666668,50.89229104166667,7.242466041666667,35.89212625,58.737827708333334,290.68,45093.92,304.68
212,2014-11-05,24.0,221.7877875,108.30330729166667,186.69130833333332,51.13204354166667,6.445585833333333,35.09647916666667,58.07886,288.26,44831.92,306.52
213,2014-11-06,24.0,221.68578833333333,108.29361458333334,186.54387833333334,51.639753125,6.485084583333333,35.14191,54.915096875,292.13,45409.59,310.29
214,2014-11-07,24.0,220.0106675,108.35828145833334,183.52762020833333,50.84322375,7.915645416666667,36.483047291666665,56.35628729166667,293.13,45241.11,303.39
215,2014-11-08,24.0,219.9932525,108.35708395833333,183.717356875,50.808165,7.820728125,36.275895625,53.551376041666664,292.29,45656.62,321.66
216,2014-11-09,24.0,220.47929020833334,108.34253395833333,184.66963645833334,50.800791875,7.389779375,35.80965375,53.34118770833334,289.93,45638.78,325.6
217,2014-11-10,24.0,222.46633104166668,108.28908319148937,188.07677604166668,51.7,5.83816,34.389555,54.08902208333333,283.28,46087.72,324.04
218,2014-11-11,24.0,219.97932229166668,108.35195895833333,183.48821666666666,51.69625333333333,8.044379166666667,36.491105625,60.33769125,294.55,46628.59,331.5
219,2014-11-12,24.0,219.18383979166666,108.37858541666667,182.73963291666666,51.636312708333335,7.996720625,36.444206875,59.226929166666665,295.28,46218.27,317.91
220,2014-11-13,24.0,220.275471875,108.34954270833333,184.88316833333334,51.605346041666664,6.95453125,35.392303541666664,58.757314375,290.93,45666.25,311.88
221,2014-11-14,24.0,220.87930020833332,108.32765375,185.65017270833334,51.584399166666664,6.792428125,35.2291275,58.249173125,290.46,45494.2,311.76
222,2014-11-15,24.0,220.069,108.35316208333333,184.40892208333332,51.596816458333336,7.220033333333333,35.660077916666665,57.9962925,293.48,45840.45,310.73
223,2014-11-16,24.0,221.1359375,108.32002145833333,186.351299375,52.04162958333333,6.347044375,34.784638125,56.50145729166667,292.77,45756.05,319.06
224,2014-11-17,24.0,222.14570520833334,108.27984895833333,188.301939375,52.620324583333336,5.412362708333333,33.843765833333336,56.003974791666664,293.11,45039.02,330.08
225,2014-11-18,24.0,220.41177291666668,108.35060354166667,184.32936125,50.949218125,7.655098541666667,36.082411666666665,59.360974166666665,289.07,44152.35,313.15
226,2014-11-19,24.0,221.50414625,108.30921208333334,186.181090625,50.93181270833333,6.8958575,35.323055625,58.972145625,281.74,43106.73,305.81
227,2014-11-20,24.0,219.99979645833332,108.34300291666666,183.561393125,50.943275416666665,8.0168975,36.43840333333333,60.767264583333336,285.32,43755.31,302.5
228,2014-11-21,24.0,220.1007775,108.33177041666667,184.11307104166667,50.92782416666667,7.5717372916666665,35.987706458333335,59.958914166666666,283.6,43675.5,300.66
229,2014-11-22,24.0,219.91921979166668,108.32732291666666,183.984733125,50.927135,7.506506666666667,35.934486666666665,57.6117225,283.17,43476.89,300.48
230,2014-11-23,24.0,221.05652125,108.18509833333333,186.40782,50.846758333333334,6.221974375,34.64870125,56.576238125,272.89,42663.27,299.46
237,2014-11-30,12.0,247.3583,105.82893,208.73611,35.116491458333336,32.53673,38.62219,34.16762,1.26,250.79,11.23
238,2014-12-01,13.5,255.41031,105.64768,248.86561,56.644213541666666,2.25817,6.5447,20.87301,120.29,25857.08,183.44
269,2015-01-01,9.5,298.43558686698935,105.3008501031917,192.40860806681286,44.0,77.94737669091299,106.02697880017651,21.33712516827586,94.01,16782.38,75.19
270,2015-01-02,24.0,292.150093125,107.43008645833334,191.88637895833332,45.9521175,71.457408125,100.26371416666667,45.620785,790.87,118908.67,299.67
271,2015-01-03,24.0,279.98879791666667,107.89632375,184.54984833333333,47.7989475,66.33670625,95.43894958333334,60.845041458333334,916.81,148644.1,345.31
272,2015-01-04,24.0,271.29845458333335,107.9118625,184.70966916666666,47.710102291666665,57.67066666666667,86.58878541666667,57.43637604166667,788.73,115569.52,400.83
273,2015-01-05,24.0,265.07030979166666,107.93988645833333,183.37638729166667,47.867310208333336,52.70205020833333,81.6939225,56.25419291666667,790.15,115433.13,405.58
274,2015-01-06,24.0,258.82713041666665,107.946115,182.74352458333334,47.972498333333334,47.361429791666666,76.08360583333334,59.488347708333336,783.85,113935.04,411.88
275,2015-01-07,24.0,254.71381,107.88157604166666,183.96244520833332,47.375647083333334,42.01268145833333,70.75136479166666,53.00238541666667,574.29,84034.22,461.44
276,2015-01-08,24.0,251.04313458333334,107.878468125,182.46051395833334,48.11144854166667,39.63654875,68.582620625,54.207865,626.39,90849.23,512.88
277,2015-01-09,17.66667,247.7236247272576,107.56096871869458,188.73857608461583,36.354937291666666,31.618758945081332,58.985048642641765,48.257347230123166,355.75,51609.08,282.81
278,2015-01-10,20.66666,244.41230114912133,107.63805423247395,179.17845314359457,40.78884583333333,38.018621974924834,65.23384800552678,54.088435711014746,422.91,61324.12,311.75
279,2015-01-11,24.0,243.64955916666668,107.78763770833334,183.94686354166666,47.8685125,30.227684375,59.702695625,54.041505,486.97,70280.92,366.9
280,2015-01-12,24.0,239.9133425,107.88149708333333,177.743558125,49.043021458333335,32.877976458333336,62.169784375,53.399187291666664,597.29,86569.34,418.66
281,2015-01-13,24.0,234.20577833333334,107.90837229166667,174.69568958333332,50.15571125,30.120650833333332,59.51008875,56.320275208333335,610.33,88850.28,425.68
282,2015-01-14,24.0,230.07398625,107.535874375,188.14848791666665,55.80191166666667,17.7839125,41.92549833333333,43.697996875,580.74,85171.1,438.07
283,2015-01-15,24.0,230.81113541666667,107.820459375,184.95168104166666,50.53954125,23.545735208333333,45.859454375,53.74761854166667,461.02,66952.09,329.92
284,2015-01-16,24.0,229.08865708333335,107.821553125,178.165985625,48.985481875,21.419445208333332,50.92267145833333,52.477970416666665,453.09,64393.57,307.31
285,2015-01-17,24.0,228.88321,107.81721,178.49646,48.97446,20.96905,50.38675,52.66854,418.97,61533.75,292.68
286,2015-01-18,24.0,228.88321,107.81721,178.49646,48.97446,20.96905,50.38675,52.66854,442.16,64668.4,292.77
287,2015-01-19,24.0,228.88321,107.81721,178.49646,48.97446,20.96905,50.38675,52.66854,447.32,65213.05,295.52
288,2015-01-20,18.66667,224.07523773201112,107.20941299733161,173.06293223629066,29.400224166666668,20.405797164063006,51.01230549572045,52.24315256876026,226.24,33090.82,180.33
289,2015-01-21,1.0,226.79013510896414,106.08545589722993,208.58431391191243,18.765333958333333,0.41189021925477204,18.205821197051712,18.18281180332782,7.64,1121.79,15.620000000000001
308,2015-02-09,10.475,273.9249775178998,107.03466809069212,222.66207350835322,21.282293541666668,23.06513412887828,51.26290400954654,42.98868064439141,125.26,20461.25,471.47
309,2015-02-10,24.0,266.9449872916667,107.79471354166667,205.706283125,48.896484375,32.591668541666664,61.238704166666665,62.482487291666665,402.41,61862.19,663.83
310,2015-02-11,24.0,259.99126270833335,107.91086916666667,199.303866875,48.95931,32.16190208333333,60.68739583333333,56.3078925,474.1,72529.77,557.04
311,2015-02-12,24.0,254.66364708333333,107.94134083333333,196.07243979166665,48.945120625,30.12325125,58.59120729166667,58.90773333333333,466.03,71095.25,550.25
312,2015-02-13,24.0,248.4935984827891,107.05543043306842,192.84992518641124,48.407934166666664,27.30681292466631,55.64367329637787,58.419693802112,423.36,64496.63,534.75
313,2015-02-14,24.0,247.16131958333332,107.92781791666667,193.38895520833333,49.024828541666665,25.173213958333335,53.772364375,62.620599166666665,421.26,64061.91,544.04
314,2015-02-15,24.0,242.39248014733948,106.96902529095298,191.1918085650479,48.045273125,22.877391298194834,51.20067158229159,58.06826543675083,419.02,63549.54,538.95
315,2015-02-16,24.0,242.43809791666666,107.90564708333333,192.42222520833334,49.02818,21.45498,50.01587270833333,56.41098208333333,419.54,63731.42,468.27
316,2015-02-17,24.0,240.78363227272726,107.89671840909091,192.2188325,46.803729347826085,19.9701125,48.56479977272727,53.986301818181815,409.69,62914.7,474.07
317,2015-02-18,24.0,237.65761625,107.979419375,188.09160708333334,50.76397333333333,20.958174375,49.56600916666667,54.72807145833333,519.64,77678.67,551.1
318,2015-02-19,24.0,230.46039291666668,108.07244,180.77509958333334,52.93471854166667,21.086734166666666,49.685293333333334,62.20128979166667,652.82,97101.11,618.78
319,2015-02-20,24.0,226.44892166666668,108.035421875,179.56347395833333,53.106881875,18.07755875,46.88544770833333,64.83710583333334,638.16,95395.52,702.45
320,2015-02-21,24.0,223.74443791666667,108.01888083333333,179.72254604166667,53.2423425,15.423551666666667,44.021891875,68.06124125,624.59,93261.67,672.22
321,2015-02-22,24.0,222.10759729166668,108.009535625,180.58834708333333,53.324685833333334,12.914945833333332,41.51925020833333,63.29983791666667,475.6,70961.75,544.64
322,2015-02-23,24.0,221.13743416666668,107.99818625,181.78779125,53.273245208333336,10.716931666666667,39.34964291666667,56.295767291666664,410.07,61684.06,479.46
323,2015-02-24,24.0,219.292496875,108.04080770833333,179.89666041666666,55.83618875,10.43758625,39.395836458333335,63.126709166666664,625.9,92974.81,555.93
324,2015-02-25,24.0,211.71587791666667,108.176775625,170.841316875,60.367970625,12.051708958333334,40.87456104166667,74.27926,940.93,137836.14,770.81
325,2015-02-26,24.0,208.73589875,108.164166875,171.62574666666666,60.36061541666667,8.465377291666666,37.11015208333333,68.83074020833334,738.49,108413.19,622.56
326,2015-02-27,18.94167,208.16032222777085,108.10379372274461,174.59275600214238,47.620348541666665,4.963594169125531,33.56756622562847,61.42844815207424,399.77,59444.09,424.37
345,2015-03-18,8.20833,269.11540343619225,106.69695702815311,231.80387371243603,19.218938125,18.62322461833284,37.31152972375623,47.53964051783981,91.76,13339.36,411.9
346,2015-03-19,24.0,260.26414208333335,107.95330791666666,222.06209,51.612996875,21.497035208333333,38.202052083333335,68.47460083333333,216.14,31636.31,1040.42
347,2015-03-20,24.0,252.94637354166667,108.13967229166667,211.75848625,51.83247729166666,24.5238475,41.18788729166667,70.30414104166667,222.87,32483.8,1131.36
348,2015-03-21,24.0,246.4192775,108.17621916666667,203.14407625,51.95842125,24.557435208333334,43.27520125,72.432070625,225.74,32819.07,1066.04
349,2015-03-22,24.0,241.94698625,108.15666708333333,198.65807604166667,53.545301458333334,14.723960625,43.288910208333334,59.767807291666664,385.1,58378.5,759.09
350,2015-03-23,24.0,238.19819416666667,108.1399325,196.34660166666666,53.516415,13.361014166666667,41.8515925,65.73708395833333,342.99,53457.1,698.06
351,2015-03-24,24.0,235.28940333333333,108.11805041666666,194.72170833333334,53.53940541666667,12.08266125,40.567695,68.67021916666667,355.76,54800.79,798.3
352,2015-03-25,24.0,232.31109729166667,108.13058083333334,192.60147916666668,54.719445416666666,11.072131875,39.709618125,69.84208708333334,447.87,67646.23,898.3
353,2015-03-26,24.0,223.934705625,108.24463895833334,184.03750395833333,60.038315625,8.737491666666667,39.89720166666667,75.16789791666666,609.35,89538.88,872.75
354,2015-03-27,24.0,220.574520625,108.19171229166666,182.846191875,59.87418208333333,6.664692083333334,37.72832875,71.9744825,618.61,89062.1,854.72
355,2015-03-28,24.0,217.49070791666668,108.18540375,181.02717583333333,59.895556875,6.9929483333333335,36.463532083333334,68.1361775,565.02,75662.72,781.51
356,2015-03-29,24.0,214.86722795454546,108.17622931818183,179.8331609090909,57.23280326086957,6.4257172727272724,35.03406704545455,72.43252159090909,550.72,79169.64,757.13
357,2015-03-30,24.0,212.16489553191488,108.203585625,177.8845192819149,63.47054083333333,5.298848541666667,34.28037625,72.81056625,624.44,90173.3,779.34
358,2015-03-31,24.0,208.36728833333333,108.214961875,175.392838125,65.01727458333333,4.234798541666667,32.97445020833333,73.4941675,622.85,88513.65,758.52
359,2015-04-01,6.45833,211.3002012316342,107.04089362153994,182.84436683506416,17.946539583333333,0.5228182270648913,28.455834396570012,34.81366962093916,57.52,8421.71,82.16
378,2015-04-20,16.375,275.58731473282444,106.03769748091604,238.97582465648856,31.6905675,18.501988167938933,36.611490076335876,31.72141961832061,81.91,11892.81,490.87
379,2015-04-21,24.0,262.8739525,108.01530729166667,229.99672958333332,52.61598541666667,20.16099,32.87722291666667,74.117049375,172.87,25443.87,1263.33
380,2015-04-22,24.0,253.767355625,108.15864229166667,216.692483125,52.5973525,21.688651041666667,37.0748725,76.61395916666666,268.47,39276.35,1093.31
381,2015-04-23,24.0,248.85294395833333,108.14513729166667,209.48844395833333,52.658717708333334,15.133004166666666,39.3645,72.49167791666666,320.34,46340.29,879.08
382,2015-04-24,24.0,246.51121979166666,108.107439375,206.76545333333334,52.65301916666667,10.816299583333333,39.745766458333335,66.226455,318.85,46150.43,877.01
383,2015-04-25,24.0,243.69955270833333,108.11074916666666,204.34766729166665,52.70381208333333,10.419662708333334,39.35188541666667,67.09281125,340.53,49280.04,822.81
384,2015-04-26,24.0,241.28773604166668,108.10207229166667,202.55864520833333,52.70324479166667,9.821548958333333,38.72909083333333,67.04715145833333,339.92,49138.37,770.94
385,2015-04-27,24.0,236.87078895833332,108.196923125,198.18931541666666,55.266608958333336,9.703193333333333,38.68147354166667,70.35926645833334,396.95,57219.1,899.34
386,2015-04-28,24.0,232.02757208333333,108.22723291666667,194.032926875,56.90749458333333,8.996435833333333,37.99464520833333,71.303924375,443.99,63898.13,911.0
387,2015-04-29,24.0,224.94327354166666,108.28947229166667,187.74535916666667,59.771223125,8.284603958333333,37.197914375,76.52687270833333,574.96,82467.28,814.2
388,2015-04-30,24.0,219.36683541666667,108.28421604166667,183.723598125,62.13158229166667,6.733651875,35.643237291666665,77.13500020833334,607.87,87181.43,921.11
389,2015-05-01,24.0,213.64069333333333,108.28916229166667,179.56738291666667,65.019064375,5.308860625,34.073310416666665,77.72017854166667,664.96,94868.52,926.26
390,2015-05-02,24.0,210.47946729166668,108.26396979166667,178.23948041666668,68.38614583333333,3.5803683333333334,32.239986875,76.67961416666667,621.12,88495.68,868.75
391,2015-05-03,9.70833,209.44214019944727,108.2326231636749,178.18448286545677,28.405128958333332,2.6778549532205846,31.2576573339905,75.01007179070963,211.5,30482.87,298.81
410,2015-05-22,7.375,264.55074338983053,107.26373983050847,235.4514866101695,22.223388958333334,12.029144406779661,29.099256779661015,66.36111644067796,143.08,20890.14,228.12
411,2015-05-23,24.0,249.19537208333333,108.20135625,220.21617979166666,73.66493208333333,6.574285208333333,28.979192291666667,83.420484375,502.61,76174.53,768.26
412,2015-05-24,24.0,235.034919375,108.32018,199.96609875,68.76318791666667,5.730275625,35.068820625,78.99747520833333,537.12,78842.94,864.41
413,2015-05-25,24.0,233.43053645833334,108.16913729166667,197.15619604166668,57.351834375,7.481208958333333,36.27434041666667,74.119439375,504.77,74291.45,803.3
414,2015-05-26,24.0,232.597249375,108.10339166666667,197.78529166666667,56.38096854166667,6.0599895833333335,34.81195770833333,70.58330666666667,353.36,51937.64,762.44
415,2015-05-27,20.0,232.83395479166666,107.77378708333333,200.6650975,56.4645325,3.4820341666666668,32.16885729166667,56.42825229166667,294.17,43076.57,647.12
430,2015-06-11,10.44986,272.69063377042374,106.90409913966312,239.0701156996936,22.757833541666667,16.67657233011734,33.620518070730135,43.10506678363155,83.28,12120.39,435.49
431,2015-06-12,24.0,259.989081875,107.94494979166667,226.55001625,60.862071666666665,5.694804375,33.439065625,74.2487475,212.85,31054.74,1287.37
432,2015-06-13,24.0,253.84501875,108.068313125,217.27801729166666,54.85205479166667,8.827325416666667,36.56700145833333,74.56848708333334,256.04,36917.37,1013.18
433,2015-06-14,24.0,251.02736666666667,108.02531083333334,212.33480625,51.820223125,10.960642291666666,38.692560416666666,67.97954229166666,235.07,34214.48,746.84
434,2015-06-15,24.0,248.76812333333334,108.02180145833333,209.87778375,51.75249770833334,11.152949375,38.890339583333336,66.47582645833333,240.06,34789.31,703.21
435,2015-06-16,24.0,246.559396875,107.98906916666667,208.353694375,51.4827875,10.496157291666666,38.2057025,63.713067083333335,245.4,35542.65,603.86
436,2015-06-17,24.0,245.20212645833334,107.960440625,207.843325625,51.35455979166667,9.604126458333333,37.35880083333333,60.13051,221.41,32378.43,550.44
437,2015-06-18,24.0,243.781339375,107.9626325,207.08969375,51.822890625,8.92555,36.691645625,62.83206270833333,223.27,32481.18,544.72
438,2015-06-19,24.0,242.22255375,107.976584375,206.11444666666668,52.09687666666667,8.345849791666666,36.10810708333333,63.52119208333333,229.63,34081.21,554.54
439,2015-06-20,24.0,240.637585,107.98367625,205.19208104166665,52.4484025,7.6917225,35.44550395833333,63.16937229166667,219.05,32411.65,556.43
440,2015-06-21,24.0,239.84811166666665,107.95585145833333,205.37853979166667,52.694649375,6.70292375,34.469571875,62.14482604166667,204.65,30485.3,535.84
441,2015-06-22,24.0,238.53256041666666,108.00398625,203.96021104166667,53.39161958333333,6.8125310416666665,34.572349375,64.54508916666667,211.31,31255.55,548.94
442,2015-06-23,24.0,234.81089625,108.14835479166666,199.12921395833334,55.361808958333334,7.941432916666667,35.68168229166667,70.45132104166667,337.64,49947.53,745.74
443,2015-06-24,24.0,228.969281875,108.22413145833333,192.65277833333334,56.58418833333333,8.626054375,36.31650354166667,74.713625625,422.22,62161.12,822.75
444,2015-06-25,24.0,226.21517875,108.16948895833333,191.41039625,56.562099583333335,7.137094375,34.8047825,73.23425770833333,387.93,57124.89,710.71
445,2015-06-26,24.0,224.20622208333333,108.16213541666667,190.42839395833334,58.21413104166667,5.958871458333333,33.777828125,72.32137625,446.62,65355.84,765.45
446,2015-06-27,24.0,221.04118625,108.19619229166666,187.73526645833334,60.88890333333333,4.773925208333333,33.30591979166667,73.68287583333333,435.55,63621.32,747.14
447,2015-06-28,24.0,218.23680395833333,108.21619604166666,185.8359775,62.82589333333333,3.9133764583333335,32.400826458333334,72.15043604166667,451.91,66072.21,751.35
448,2015-06-29,24.0,213.81011541666666,108.287074375,181.86936,69.60881708333334,3.602936875,31.940755416666665,75.97423354166666,635.31,91315.49,973.87
449,2015-06-30,24.0,207.21897625,108.319924375,176.36229833333334,73.33077083333333,3.123494583333333,30.856677916666666,77.12882083333334,645.3,92006.82,950.82
450,2015-07-01,3.29167,211.1208998199698,107.51574452764099,183.43514342297374,10.210002291666667,0.4916317095577625,27.685756396996055,41.20551324613342,15.53,2297.31,36.370000000000005
471,2015-07-22,22.375,268.87922223463687,107.54775759776537,240.5757453631285,55.01502395833333,10.206929888268157,28.30347687150838,64.06441329608938,110.7,16834.25,1201.2
472,2015-07-23,24.0,257.85251666666665,108.11948541666666,228.91118708333335,76.03492895833334,1.6543891666666666,28.941329583333335,73.50684520833333,165.82,25057.07,1349.74
473,2015-07-24,24.0,248.65667520833333,108.21226604166667,216.19297333333333,62.365308125,4.816654375,32.463701875,77.29776354166667,264.65,39858.61,1152.34
474,2015-07-25,24.0,248.31586041666668,108.07554166666667,213.89819875,53.82786041666667,7.17167625,34.41766166666667,70.60238708333333,204.35,30789.46,744.25
475,2015-07-26,24.0,245.78944583333333,108.0969725,211.31430354166667,53.75939666666667,7.227362291666667,34.475142291666664,69.98886604166667,229.61,34487.65,733.71
476,2015-07-27,24.0,243.75554895833332,108.07827583333334,209.60083833333334,53.47774666666667,6.910010416666666,34.154710625,68.88128833333333,227.7,34207.25,677.96
477,2015-07-28,24.0,242.07917833333335,108.05901125,208.54417083333334,53.414213333333336,6.282735625,33.5350075,67.50427354166666,223.78,33825.26,670.66
478,2015-07-29,24.0,241.09512708333332,108.014125625,208.54715354166666,53.51099875,5.283467916666667,32.547973541666664,65.37487104166667,182.64,27538.19,580.04
479,2015-07-30,24.0,240.00802666666667,108.035161875,207.54031979166666,54.51366604166667,5.197388125,32.467706875,65.544608125,201.69,30240.3,609.11
480,2015-07-31,24.0,237.15612916666666,108.13048479166666,204.26667291666666,56.361824166666665,5.459842916666667,32.88945625,67.56170979166667,267.48,40043.61,708.88
481,2015-08-01,24.0,231.56996875,108.24517104166667,197.85706104166667,58.649928958333334,5.977568125,33.71290770833333,68.344095,350.0,52296.95,826.33
482,2015-08-02,24.0,229.023134375,108.173670625,196.68528833333335,58.559740625,4.700881458333333,32.337846041666666,67.77410708333333,322.99,48064.42,713.45
483,2015-08-03,24.0,225.78627145833335,108.21635875,193.70706833333332,62.103713541666664,3.928983125,32.079203125,73.14789625,384.65,57758.9,819.92
484,2015-08-04,24.0,220.49977104166666,108.25252395833333,188.26696145833333,63.750488125,3.89781375,32.232809583333335,73.74903229166667,443.81,66824.44,844.98
485,2015-08-05,24.0,213.10862104166668,108.29224416666666,182.84996333333333,70.87810604166667,5.831541875,30.258657708333335,72.729213125,732.83,107840.05,1146.74
486,2015-08-06,24.0,208.739611875,108.27667416666667,179.0728775,73.51619541666666,2.3916229166666665,29.666734375,75.582770625,583.05,86709.92,875.53
487,2015-08-07,3.79167,210.43508587767394,108.14280098473759,183.60699252804173,11.826260833333333,1.1971883544717763,26.82809334963222,71.09571974955627,53.69,8197.91,107.08
515,2015-09-04,16.15833,277.58874137946185,107.37464388523443,244.13986830098779,38.67100104166666,9.027847477715829,33.44887307847407,58.74552662602509,176.51,27383.9,933.81
516,2015-09-05,24.0,265.45919291666667,108.03807208333333,231.90520854166667,58.93306104166667,6.861887083333333,33.553984375,78.65593833333334,291.3,44064.48,1417.15
517,2015-09-06,24.0,258.20136104166664,108.09493333333333,222.72154770833333,55.807739166666664,8.779020833333334,35.47981333333333,76.71006166666666,344.41,51698.11,1068.6
518,2015-09-07,24.0,253.93391770833333,108.097246875,217.28541208333334,53.856190833333336,9.976605625,36.648505625,73.61219854166667,360.29,53948.96,983.35
519,2015-09-08,24.0,250.72906541666666,108.08575104166667,214.03285625,53.287,10.044035,36.69620916666667,71.531215,369.91,55458.25,855.05
520,2015-09-09,24.0,247.680291875,108.084010625,211.45257125,53.28875020833333,9.5660325,36.227720625,70.84700666666667,370.14,55321.24,818.86
521,2015-09-10,24.0,245.182115625,108.06619291666667,209.83790458333334,53.293696041666664,8.693740208333333,35.34421104166667,69.52464104166667,355.61,53158.57,754.21
522,2015-09-11,24.0,243.31998416666667,108.03156583333333,209.22841291666666,53.26502791666667,7.43589875,34.09157125,67.37387541666666,334.51,50330.73,706.99
523,2015-09-12,24.0,239.65695458333334,108.14134375,205.5562525,55.98024041666667,7.377876041666667,34.10070208333333,71.44295145833334,397.18,58900.62,858.09
524,2015-09-13,24.0,235.341391875,108.16110833333333,201.878021875,56.80937041666667,6.753859791666667,33.46337,70.46284833333333,411.79,60948.22,840.38
525,2015-09-14,24.0,232.74826645833335,108.139724375,200.32935645833334,57.749569791666666,5.63909,32.41891,71.87909291666666,427.44,64121.63,817.92
526,2015-09-15,24.0,228.46513104166667,108.18670020833333,196.544505,60.309085,4.94689625,31.920626041666665,73.624714375,434.04,64316.54,890.56
527,2015-09-16,24.0,225.027478125,108.17662083333333,193.94675604166667,62.166072916666664,3.9630064583333335,31.080722083333335,73.84938,438.65,64702.0,887.5
528,2015-09-17,24.0,220.58318979166665,108.21312583333334,189.575694375,65.79759375,3.371948541666667,31.007495416666668,76.780525625,515.22,76528.74,931.11
529,2015-09-18,24.0,214.003685,108.284996875,183.17099895833334,77.67799083333334,2.250710625,30.832686041666665,79.77926833333333,614.6,89918.26,1061.29
530,2015-09-19,24.0,211.50218395833335,108.07291125,182.97533041666668,93.63542895833334,1.07988875,28.526853541666668,72.65986,509.6,74359.25,765.82
531,2015-09-20,8.30847,217.5412459033011,105.90531632674849,192.87613328356485,34.853130416666666,0.194397092172205,24.665112619736245,29.3560093272889,109.07,16388.92,176.43
555,2015-10-14,6.10819,282.4954977730719,105.59954950885614,227.80913034137774,13.458973541666667,31.83695695623417,54.686367431694165,35.887239694082865,68.45,10292.08,231.01
556,2015-10-15,24.0,266.7285533333333,107.90339229166666,239.882664375,59.00992166666666,8.119115208333334,26.845888958333333,79.764853125,105.62,16146.96,1645.08
557,2015-10-16,24.0,257.85519270833333,108.0525925,228.37925395833332,55.379709166666665,10.756467916666667,29.47593875,80.05827895833333,157.84,23819.66,1228.59
558,2015-10-17,24.0,254.75435395833333,108.00452479166667,222.52573625,51.612866875,13.50319,32.22861770833333,72.92637270833333,153.95,23111.45,862.14
559,2015-10-18,24.0,253.10014916666665,107.96312083333333,220.28585875,50.16502833333333,14.093316041666666,32.814290416666665,69.05145479166667,150.21,22354.38,714.55
560,2015-10-19,24.0,248.91862770833333,108.09233604166667,215.46067833333333,52.3161675,14.753864791666667,33.457949375,72.87741854166667,225.44,33844.5,861.16
561,2015-10-20,24.0,244.90601708333332,108.087671875,211.133265625,51.12081625,15.091922708333334,33.77275145833333,69.83978541666667,220.67,33090.49,816.18
562,2015-10-21,24.0,243.21173666666667,108.03095958333333,210.342775,52.894195625,9.907452291666667,32.868961666666664,61.204734375,208.22,31224.76,701.65
563,2015-10-22,24.0,240.39309625,108.069755625,208.12842854166666,55.40024979166667,6.161207708333333,32.264667708333334,64.32232270833333,217.89,32598.24,698.55
564,2015-10-23,24.0,238.33851270833333,108.05612979166666,207.07383333333334,56.32230520833333,5.2076625,31.264679375,64.55115645833334,218.67,32908.07,729.62
565,2015-10-24,24.0,234.84243083333334,108.11138354166667,203.84765895833334,58.327817083333336,4.639771666666666,30.994771875,66.50566833333333,252.89,38310.69,735.2
566,2015-10-25,24.0,232.592934,108.0744868,202.539827,59.99157,5.2331716,30.053107,66.5843442,284.35,42500.83,786.01
567,2015-10-26,24.0,226.84448729166667,108.18285395833334,194.49775208333332,55.619190208333336,13.630285833333334,32.346735208333335,70.539358125,393.65,64546.06,860.01
568,2015-10-27,24.0,222.44868479166666,108.17350229166667,191.255495,56.48961791666667,12.501842916666666,31.193189791666665,75.35461416666666,418.62,68466.4,846.55
569,2015-10-28,24.0,219.67743416666667,108.13854791666667,189.71858979166666,56.471529375,11.284748333333333,29.958844375,73.91004708333334,399.81,64240.2,801.29
570,2015-10-29,24.0,214.76013125,108.22752895833334,185.26703166666667,67.6650875,7.429941458333333,29.493099583333333,76.50866395833333,606.2,93397.01,1014.43
571,2015-10-30,1.69167,213.31978584836287,108.16155333445649,183.93125058297423,6.64388375,1.2147101208864612,29.38853526538864,73.71325652650931,3.32,520.78,16.69
590,2015-11-18,13.25833,278.77097860140003,106.30106010511128,237.3172681649499,27.954128333333333,23.571090141503493,41.453710436450145,35.500163867048116,63.09,9772.33,409.68
591,2015-11-19,24.0,270.76214604166665,107.61160270833334,243.920050625,56.91126104166667,5.680281458333333,26.842095416666666,64.63461895833333,57.47,8877.68,849.97
592,2015-11-20,24.0,263.8815775,107.88380479166666,237.190015,60.68199979166667,5.131814791666667,26.6915625,74.09602354166667,175.11,27014.97,1130.83
593,2015-11-21,24.0,251.50048395833332,108.18081833333333,222.50035854166666,60.689033125,7.432566041666667,29.000125416666666,81.46040458333333,252.27,38791.28,1424.88
594,2015-11-22,24.0,244.36538895833334,108.21456729166667,212.29090333333335,60.66511104166667,6.454427708333333,32.074485625,79.65732020833333,303.18,46436.13,1031.61
595,2015-11-23,24.0,239.834021875,108.20204104166666,206.72158583333334,60.61981875,5.642015416666666,33.11243604166667,71.80804916666666,303.74,46216.16,1034.87
596,2015-11-24,24.0,236.09294854166666,108.1676975,203.77491520833334,60.613366041666666,4.7904704166666665,32.31803333333333,73.64569416666667,301.02,45609.62,910.3
597,2015-11-25,24.0,232.987216875,108.16343104166667,201.82569979166666,62.96496,3.6224920833333334,31.161517083333333,74.78287416666667,308.88,46935.86,932.64
598,2015-11-26,24.0,229.87670833333334,108.13021729166667,199.96924729166668,65.61386729166666,2.5344122916666665,29.907461041666668,68.73584854166667,289.87,44165.41,799.32
599,2015-11-27,24.0,227.09142666666668,108.15000291666666,197.44003916666668,55.41932270833333,10.640595833333334,29.6513875,69.42702729166666,311.81,47139.21,853.14
600,2015-11-28,24.0,224.29229291666667,108.12914875,195.16442833333332,55.424830625,10.374463958333333,29.127864583333334,69.377614375,318.61,48869.1,808.83
601,2015-11-29,24.0,222.14875208333333,108.10624020833333,193.65398458333334,55.49048416666667,9.748518958333333,28.4947675,70.79450604166666,324.82,49522.64,753.11
602,2015-11-30,24.0,220.580816875,108.088120625,192.86638333333335,55.475823958333336,8.985725208333333,27.714433541666665,72.69539166666667,322.18,49034.04,743.13
603,2015-12-01,24.0,219.29341958333333,108.08272770833334,192.18957041666667,55.73844625,8.557774375,27.103849166666667,71.46085520833333,318.37,48722.55,736.98
604,2015-12-02,24.0,217.10464354166666,108.12094979166666,190.31470833333333,56.257409375,9.076614791666668,26.789935208333333,67.98909541666667,349.66,53110.24,737.72
605,2015-12-03,24.0,215.271738125,108.13927645833333,188.98080458333334,56.99664666666666,8.583688333333333,26.290933541666668,71.85915916666667,352.55,53761.4,745.33
606,2015-12-04,24.0,213.67574229166667,108.142055625,187.9609225,56.93237583333333,8.386423333333333,25.714819791666667,70.504564375,372.09,59284.7,770.98
607,2015-12-05,24.0,212.13073520833333,108.14998291666667,187.02194,56.804535,8.37811625,25.108795208333333,67.01441041666666,334.45,51571.83,727.27
608,2015-12-06,24.0,211.22852854166666,108.14618229166666,187.07237145833332,56.827998541666666,7.89346875,24.156157083333333,72.423506875,356.49,54832.72,748.85
609,2015-12-07,24.0,209.86630354166667,108.174094375,185.81189666666666,57.602083541666666,8.346496041666667,24.054406875,74.38091270833333,361.71,55786.96,763.98
610,2015-12-08,24.0,208.07867270833333,108.19927083333333,184.1314275,59.02969145833333,8.226480416666666,23.94724520833333,69.910693125,406.31,62594.94,808.52
611,2015-12-09,5.65833,207.58881869115092,108.19228644663708,184.40459835541583,13.989628958333334,7.709447011220625,23.1842203357351,73.22438250467894,97.79,15245.96,191.92
637,2016-01-04,14.34167,284.2686507349632,106.15974488270892,242.97324766610862,26.607074791666665,24.84099743087102,41.295403068854604,25.043062457036037,82.82,13437.44,203.14
638,2016-01-05,24.0,277.91566208333336,107.54915333333334,250.45625833333332,49.877799375,13.16611625,27.45940375,51.209793125,32.67,5277.18,843.45
639,2016-01-06,24.0,264.79162104166664,108.05980645833333,239.25224645833333,57.80311041666667,9.769242708333334,25.539374583333334,77.96664333333334,93.87,15281.59,1465.71
640,2016-01-07,24.0,255.15576604166668,108.17995625,228.29286916666666,57.47243,11.103118333333333,26.862896875,79.187146875,164.52,26623.23,1413.28
641,2016-01-08,24.0,249.94423041666667,108.17290125,220.727464375,54.51911208333333,13.466975833333333,29.216766041666666,76.90826916666667,194.43,31122.32,1122.39
642,2016-01-09,24.0,246.17809916666667,108.14932895833333,215.68324708333333,53.01708979166666,14.75609125,30.494852083333335,74.29704166666667,205.53,32916.43,969.51
643,2016-01-10,24.0,244.58841625,108.072219375,214.33877270833332,52.210673541666665,14.515705208333333,30.249643541666668,69.10909479166666,187.41,30048.94,810.95
644,2016-01-11,24.0,243.19835833333335,108.03193958333334,213.86167729166667,51.28628979166667,13.615655833333333,29.336681041666665,66.23697770833333,170.45,27228.48,733.88
645,2016-01-12,24.0,242.52623416666665,108.00059479166667,214.203385625,51.57828333333333,12.606638125,28.322848541666666,68.36913875,156.61,24965.04,684.72
646,2016-01-13,23.5,240.05871421042553,108.07225423291489,211.83025746881276,52.317711458333335,13.066895358940426,28.228456741612767,71.19905921062127,232.69,37108.69,846.22
647,2016-01-14,24.0,236.32052958333333,108.11989895833334,206.53876,52.69472979166667,14.093458333333333,29.781769583333332,71.27911125,258.42,39859.18,870.9
648,2016-01-15,24.0,235.44490104166667,108.05506583333333,207.14949729166668,52.143671875,12.614415208333334,28.29540375,68.10737416666667,199.68,31090.57,726.91
649,2016-01-16,24.0,234.17181916666667,108.04750125,206.73958875,52.301532083333335,11.752787916666666,27.432230416666666,70.52714708333333,199.16,30911.67,694.91
650,2016-01-17,24.0,233.165051875,108.03418229166667,206.49438479166668,52.331526875,10.999564166666667,26.670667083333335,70.704179375,197.21,30602.33,672.47
651,2016-01-18,24.0,231.72619479166667,108.05649625,205.17980645833333,52.809105,10.865480416666667,26.546388333333333,69.805816875,197.52,30750.88,703.93
652,2016-01-19,24.0,229.55971604166666,108.108315,202.68760145833335,53.833058333333334,11.185083333333333,26.87211458333333,73.30598229166667,257.83,40019.51,780.82
653,2016-01-20,13.84167,227.72194960860938,107.98662598991307,201.33986512958336,33.37631770833333,10.606488755345273,26.382084479026013,69.34320803128524,150.62,24432.48,493.09
670,2016-02-06,22.075,282.7710116874292,105.03181734994338,233.97337381653455,40.326566041666666,27.942738822197054,48.797637870894675,17.865174722536807,65.72,10185.48,203.44
671,2016-02-07,24.0,272.3243097916667,107.662085,248.42330020833333,53.381676666666664,8.206642708333334,23.901009583333334,48.519867291666664,52.25,8288.1,991.31
672,2016-02-08,24.0,265.137895,107.89827104166666,240.19115083333332,54.219458125,9.212714583333334,24.946744166666665,68.16659291666667,72.77,11560.47,1062.13
673,2016-02-09,24.0,258.2538127083333,108.055584375,230.12273520833332,54.16731395833333,12.387740625,28.1310775,72.82864458333333,118.71,18956.75,1056.77
674,2016-02-10,24.0,251.45104333333333,108.14948020833333,220.04723895833334,54.142060416666666,15.645335208333334,31.403804375,78.309158125,207.31,32150.46,1108.05
675,2016-02-11,24.0,245.655401875,108.17973291666667,212.439634375,54.17009291666667,17.429410833333332,33.2157675,77.27494729166666,210.23,32735.29,1086.8
676,2016-02-12,24.0,241.0797625,108.15633875,207.77546875,53.736417708333335,17.287176458333334,33.30429375,74.4874925,308.45,47811.78,937.87
677,2016-02-13,24.0,239.048121875,108.06961208333334,207.38210291666667,52.608562291666665,15.687754583333334,31.666018958333332,72.97353770833334,293.21,45604.08,791.15
678,2016-02-14,24.0,236.79045958333333,108.0579075,206.32403458333334,52.71173125,14.497853333333333,30.466425,72.49527708333333,241.12,37809.55,762.75
679,2016-02-15,24.0,234.79026145833333,108.040625625,205.39520583333334,52.63981979166667,13.452901875,29.395055625,71.677284375,239.99,37454.5,758.97
680,2016-02-16,24.0,233.137934375,108.02263395833333,204.57507791666666,52.647161458333336,12.625765625,28.562856458333332,61.752515,237.43,37227.14,756.16
681,2016-02-17,24.0,231.65140770833332,108.00969520833333,203.59418875,52.618571875,12.114534583333333,28.057218958333333,60.882714166666666,236.6,36907.86,747.61
682,2016-02-18,24.0,230.40704520833333,107.99479770833334,202.930359375,52.604102708333336,11.540823541666667,27.476685833333335,68.71222020833333,232.24,36516.14,743.64
683,2016-02-19,24.0,229.32983208333334,107.983375625,202.433918125,52.6160475,10.958785,26.895913958333335,60.63458979166667,298.12,46879.05,656.99
684,2016-02-20,24.0,228.53471708333333,107.96923625,202.37217145833333,52.570600416666665,10.24949375,26.162545625,64.9982175,307.88,47840.2,668.78
685,2016-02-21,24.0,227.42270479166666,107.9999125,201.22418208333335,53.22882729166667,10.3268175,26.198522708333332,67.60594708333333,296.78,47176.84,681.94
686,2016-02-22,24.0,225.84337166666666,108.01822479166667,199.947930625,53.596062708333335,9.92307625,25.89544104166667,70.94208520833334,304.54,48861.31,706.98
687,2016-02-23,24.0,225.18774604166666,108.00208854166667,200.213585625,53.547580833333335,9.0277075,24.974160416666667,69.88051354166667,303.99,48622.08,713.2
688,2016-02-24,24.0,224.60272416666666,108.02066770833333,199.88546520833333,54.271806875,8.759052083333334,24.717258958333332,70.60494291666667,327.03,52069.96,717.19
689,2016-02-25,24.0,222.38222791666666,108.08101041666667,196.96823229166668,54.970360416666665,9.411443333333333,25.413995625,72.95335958333334,338.24,53575.88,741.15
690,2016-02-26,5.65833,223.45620305588398,107.8121950761974,204.62545854511845,15.770389791666666,3.7046509657266364,18.830744510765545,62.426393156673434,24.87,4018.22,61.7
710,2016-03-17,21.75833,289.0796756962,105.43034812814219,241.51551849973322,39.20017375,27.177734846594383,47.56415719646682,24.626024255377136,50.3,8086.5,764.44
711,2016-03-18,24.0,281.1776664583333,107.556916875,253.2637475,49.500873125,12.343903958333334,27.913918958333333,57.58435125,37.98,6203.4,843.53
712,2016-03-19,24.0,275.3207614583333,107.798950625,248.43071416666666,51.160925625,11.249908958333334,26.890047291666665,61.414281875,63.63,10454.85,930.53
713,2016-03-20,24.0,270.345040625,107.89491270833334,241.73138208333333,51.054733125,12.96471625,28.613658541666666,70.084105625,81.67,13263.03,858.15
714,2016-03-21,24.0,265.65120625,107.97627446808511,234.77194041666667,51.042125416666664,15.1982625,30.879265833333335,71.74652583333334,108.85,17786.79,919.01
715,2016-03-22,24.0,260.900588125,108.05586895833333,228.73571083333334,51.69106729166667,16.475325,32.16487729166667,73.86543666666667,189.41,30603.4,985.24
716,2016-03-23,24.0,255.50552208333335,108.12585395833334,221.918106875,52.67782833333333,17.494782083333334,33.58741520833333,74.74770583333333,243.92,39159.61,976.46
717,2016-03-24,24.0,250.39332875,108.14880395833333,216.01095729166667,52.949425416666664,18.07255125,34.38237145833333,68.64098,246.84,40029.36,983.16
718,2016-03-25,24.0,246.17318145833335,108.13793041666666,211.992870625,52.93515,17.985931041666667,34.18031083333333,72.98476104166667,248.04,40439.71,935.67
719,2016-03-26,24.0,241.95944083333333,108.14953854166667,208.72107166666666,53.88785583333333,17.027582916666667,33.238369166666665,68.79303895833333,265.31,43614.43,913.22
720,2016-03-27,23.0,238.13177608695653,108.139165,206.27003130434784,54.10047478260869,15.657578913043478,31.861744782608696,67.32370326086956,253.28,42107.87,871.58
721,2016-03-28,24.0,235.06083708333333,108.12462395833333,204.56298895833334,54.32923666666667,14.288137708333334,30.497848125,73.93519375,271.68,44972.96,881.85
722,2016-03-29,24.0,231.52434916666667,108.130190625,202.04408833333332,54.763819375,13.279911875,29.480260833333332,76.35266583333333,275.74,45175.9,894.32
723,2016-03-30,24.0,228.85289354166667,108.10638458333334,200.457141875,54.743668125,12.211643541666668,28.395751666666666,74.6300025,293.43,48066.95,832.66
724,2016-03-31,24.0,226.55527291666667,108.09098875,198.96521020833333,54.69002416666667,11.86001,27.590062708333335,74.72568,287.42,46865.43,821.07
725,2016-04-01,24.0,224.56829020833334,108.07355083333333,197.51136041666666,54.770475833333336,11.37514375,27.056929791666665,67.33376520833333,299.49,48700.43,794.2
726,2016-04-02,24.0,223.01174291666666,108.05752375,196.62921958333334,54.687739791666665,10.680640208333333,26.382523333333335,69.55935083333334,284.72,46880.14,766.23
727,2016-04-03,24.0,221.81307270833332,108.04393791666666,196.13257145833333,54.724105,9.909726875,25.68050125,72.502124375,280.17,45842.82,748.25
728,2016-04-04,24.0,220.77974666666665,108.041948125,195.66494104166668,55.067946666666664,9.197132291666666,25.114805625,71.750353125,281.93,45800.83,797.3
729,2016-04-05,24.0,218.752345,108.07781083333333,193.41118875,55.99812791666667,9.101047291666667,25.34115625,72.21835854166666,317.38,51990.65,792.76
730,2016-04-06,20.82499,218.43779135552526,107.85663718691342,192.8301970992447,45.143435,9.829701290608062,25.607594256280557,66.56839864804736,208.0,34998.3,542.39
